Date,Adj Close,Ticker
2023-03-31,69.13,CF
2023-04-03,70.25,CF
2023-04-04,69.49,CF
2023-04-05,69.77,CF
2023-04-06,68.14,CF
2023-04-10,70.29,CF
2023-04-11,73.96,CF
2023-04-12,73.48,CF
2023-04-13,73.47,CF
2023-04-14,73.5,CF
2023-04-17,74.39,CF
2023-04-18,71.58,CF
2023-04-19,70.95,CF
2023-04-20,71.0,CF
2023-04-21,70.99,CF
2023-04-24,71.14,CF
2023-04-25,68.97,CF
2023-04-26,68.2,CF
2023-04-27,66.86,CF
2023-04-28,68.26,CF
2023-05-01,68.61,CF
2023-05-02,70.62,CF
2023-05-03,70.42,CF
2023-05-04,66.82,CF
2023-05-05,66.41,CF
2023-05-08,64.44,CF
2023-05-09,64.64,CF
2023-05-10,64.64,CF
2023-05-11,64.06,CF
2023-05-12,63.82,CF
2023-05-15,64.55,CF
2023-05-16,62.29,CF
2023-05-17,61.51,CF
2023-05-18,63.04,CF
2023-05-19,63.53,CF
2023-05-22,64.31,CF
2023-05-23,64.74,CF
2023-05-24,63.08,CF
2023-05-25,61.26,CF
2023-05-26,60.29,CF
2023-05-30,59.49,CF
2023-05-31,59.01,CF
2023-06-01,57.79,CF
2023-06-02,60.35,CF
2023-06-05,61.26,CF
2023-06-06,64.0,CF
2023-06-07,65.64,CF
2023-06-08,64.62,CF
2023-06-09,65.2,CF
2023-06-12,65.34,CF
2023-06-13,66.62,CF
2023-06-14,65.04,CF
2023-06-15,67.23,CF
2023-06-16,68.37,CF
2023-06-20,68.83,CF
2023-06-21,69.94,CF
2023-06-22,68.33,CF
2023-06-23,67.69,CF
2023-06-26,67.17,CF
2023-06-27,67.22,CF
2023-06-28,65.47,CF
2023-06-29,67.46,CF
2023-06-30,66.6,CF
2023-07-03,67.56,CF
2023-07-05,67.27,CF
2023-07-06,66.39,CF
2023-07-07,68.93,CF
2023-07-10,67.25,CF
2023-07-11,69.86,CF
2023-07-12,69.28,CF
2023-07-13,70.94,CF
2023-07-14,70.74,CF
2023-07-17,70.92,CF
2023-07-18,73.24,CF
2023-07-19,75.09,CF
2023-07-20,75.8,CF
2023-07-21,75.82,CF
2023-07-24,77.27,CF
2023-07-25,77.78,CF
2023-07-26,78.33,CF
2023-07-27,78.16,CF
2023-07-28,77.92,CF
2023-07-31,78.74,CF
2023-08-01,77.97,CF
2023-08-02,77.37,CF
2023-08-03,77.92,CF
2023-08-04,77.93,CF
2023-08-07,77.21,CF
2023-08-08,76.03,CF
2023-08-09,79.39,CF
2023-08-10,76.71,CF
2023-08-11,76.64,CF
2023-08-14,75.26,CF
2023-08-15,74.38,CF
2023-08-16,73.99,CF
2023-08-17,75.06,CF
2023-08-18,76.21,CF
2023-08-21,76.29,CF
2023-08-22,74.0,CF
2023-08-23,71.73,CF
2023-08-24,70.92,CF
2023-08-25,70.94,CF
2023-08-28,72.63,CF
2023-08-29,73.72,CF
2023-08-30,74.02,CF
2023-08-31,74.31,CF
2023-09-01,76.37,CF
2023-09-05,79.6,CF
2023-09-06,78.12,CF
2023-09-07,77.95,CF
2023-09-08,80.74,CF
2023-09-11,78.89,CF
2023-09-12,78.75,CF
2023-09-13,77.97,CF
2023-09-14,80.95,CF
2023-09-15,79.16,CF
2023-09-18,78.35,CF
2023-09-19,79.93,CF
2023-09-20,80.65,CF
2023-09-21,80.53,CF
2023-09-22,81.19,CF
2023-09-25,82.86,CF
2023-09-26,82.08,CF
2023-09-27,80.46,CF
2023-09-28,82.89,CF
2023-09-29,82.67,CF
2023-10-02,80.71,CF
2023-10-03,79.34,CF
2023-10-04,79.08,CF
2023-10-05,78.14,CF
2023-10-06,78.01,CF
2023-10-09,82.94,CF
2023-10-10,82.35,CF
2023-10-11,80.99,CF
2023-10-12,81.99,CF
2023-10-13,81.52,CF
2023-10-16,81.3,CF
2023-10-17,83.45,CF
2023-10-18,81.7,CF
2023-10-19,82.61,CF
2023-10-20,80.0,CF
2023-10-23,77.39,CF
2023-10-24,77.48,CF
2023-10-25,77.98,CF
2023-10-26,77.39,CF
2023-10-27,77.02,CF
2023-10-30,78.32,CF
2023-10-31,76.92,CF
2023-11-01,76.42,CF
2023-11-02,77.44,CF
2023-11-03,78.63,CF
2023-11-06,76.35,CF
2023-11-07,75.67,CF
2023-11-08,77.06,CF
2023-11-09,77.4,CF
2023-11-10,76.68,CF
2023-11-13,76.99,CF
2023-11-14,77.57,CF
2023-11-15,77.93,CF
2023-11-16,77.63,CF
2023-11-17,75.06,CF
2023-11-20,74.59,CF
2023-11-21,74.12,CF
2023-11-22,74.04,CF
2023-11-24,75.93,CF
2023-11-27,73.55,CF
2023-11-28,73.26,CF
2023-11-29,72.43,CF
2023-11-30,72.82,CF
2023-12-01,73.94,CF
2023-12-04,71.57,CF
2023-12-05,70.95,CF
2023-12-06,72.0,CF
2023-12-07,75.13,CF
2023-12-08,74.19,CF
2023-12-11,73.14,CF
2023-12-12,71.87,CF
2023-12-13,73.87,CF
2023-12-14,74.5,CF
2023-12-15,73.88,CF
2023-12-18,74.81,CF
2023-12-19,75.88,CF
2023-12-20,75.36,CF
2023-12-21,77.35,CF
2023-12-22,77.96,CF
2023-12-26,78.15,CF
2023-12-27,78.01,CF
2023-12-28,77.19,CF
2023-12-29,77.03,CF
2024-01-02,79.08,CF
2024-01-03,80.14,CF
2024-01-04,78.62,CF
2024-01-05,78.62,CF
2024-01-08,76.73,CF
2024-01-09,75.95,CF
2024-01-10,75.66,CF
2024-01-11,76.34,CF
2024-01-12,74.8,CF
2024-01-16,73.81,CF
2024-01-17,72.89,CF
2024-01-18,72.69,CF
2024-01-19,72.66,CF
2024-01-22,72.65,CF
2024-01-23,73.7,CF
2024-01-24,74.39,CF
2024-01-25,74.56,CF
2024-01-26,75.09,CF
2024-01-29,75.09,CF
2024-01-30,75.0,CF
2024-01-31,73.17,CF
2024-02-01,74.46,CF
2024-02-02,74.15,CF
2024-02-05,73.74,CF
2024-02-06,73.78,CF
2024-02-07,73.99,CF
2024-02-08,74.14,CF
2024-02-09,75.66,CF
2024-02-12,76.41,CF
2024-02-13,74.63,CF
2024-02-14,75.67,CF
2024-02-15,74.9,CF
2024-02-16,75.78,CF
2024-02-20,75.29,CF
2024-02-21,75.85,CF
2024-02-22,77.73,CF
2024-02-23,78.43,CF
2024-02-26,78.45,CF
2024-02-27,77.81,CF
2024-02-28,77.93,CF
2024-02-29,78.73,CF
2024-03-01,80.46,CF
2024-03-04,77.89,CF
2024-03-05,77.56,CF
2024-03-06,79.57,CF
2024-03-07,81.81,CF
2024-03-08,82.26,CF
2024-03-11,82.97,CF
2024-03-12,83.3,CF
2024-03-13,82.59,CF
2024-03-14,81.8,CF
2024-03-15,81.36,CF
2024-03-18,83.86,CF
2024-03-19,84.16,CF
2024-03-20,84.01,CF
2024-03-21,83.54,CF
2024-03-22,81.6,CF
2024-03-25,80.96,CF
2024-03-26,79.79,CF
2024-03-27,80.57,CF
2024-03-28,81.16,CF
2024-04-01,81.27,CF
2024-04-02,80.89,CF
2024-04-03,81.16,CF
2024-04-04,84.05,CF
2024-04-05,83.01,CF
2024-04-08,77.82,CF
2024-04-09,79.12,CF
2024-04-10,78.89,CF
2024-04-11,78.84,CF
2024-04-12,76.17,CF
2024-04-15,76.14,CF
2024-04-16,75.83,CF
2024-04-17,75.88,CF
2024-04-18,77.63,CF
2024-04-19,77.51,CF
2024-04-22,76.86,CF
2024-04-23,76.6,CF
2024-04-24,77.29,CF
2024-04-25,78.0,CF
2024-04-26,78.03,CF
2024-04-29,78.84,CF
2024-04-30,77.02,CF
2024-05-01,76.05,CF
2024-05-02,72.05,CF
2024-05-03,72.26,CF
2024-05-06,72.67,CF
2024-05-07,73.14,CF
2024-05-08,71.44,CF
2024-05-09,72.46,CF
2024-05-10,72.13,CF
2024-05-13,72.43,CF
2024-05-14,73.04,CF
2024-05-15,73.47,CF
2024-05-16,75.92,CF
2024-05-17,74.84,CF
2024-05-20,77.14,CF
2024-05-21,77.16,CF
2024-05-22,78.24,CF
2024-05-23,76.85,CF
2024-05-24,76.11,CF
2024-05-28,77.29,CF
2024-05-29,75.71,CF
2024-05-30,75.59,CF
2024-05-31,78.29,CF
2024-06-03,79.08,CF
2024-06-04,79.06,CF
2024-06-05,75.45,CF
2024-06-06,75.9,CF
2024-06-07,76.45,CF
2024-06-10,77.25,CF
2024-06-11,75.42,CF
2024-06-12,73.83,CF
2024-06-13,71.63,CF
2024-06-14,71.94,CF
2024-06-17,72.68,CF
2024-06-18,72.22,CF
2024-06-20,72.79,CF
2024-06-21,71.79,CF
2024-06-24,74.23,CF
2024-06-25,74.08,CF
2024-06-26,74.84,CF
2024-06-27,73.41,CF
2024-06-28,72.78,CF
2024-07-01,72.05,CF
2024-07-02,69.55,CF
2024-07-03,68.7,CF
2024-07-05,68.87,CF
2024-07-08,68.13,CF
2024-07-09,68.61,CF
2024-07-10,68.49,CF
2024-07-11,69.08,CF
2024-07-12,69.36,CF
2024-07-15,69.47,CF
2024-07-16,71.88,CF
2024-07-17,71.55,CF
2024-07-18,71.1,CF
2024-07-19,70.44,CF
2024-07-22,70.1,CF
2024-07-23,69.25,CF
2024-07-24,70.19,CF
2024-07-25,72.18,CF
2024-07-26,73.68,CF
2024-07-29,73.28,CF
2024-07-30,75.05,CF
2024-07-31,75.01,CF
2024-08-01,74.43,CF
2024-08-02,71.9,CF
2024-08-05,71.54,CF
2024-08-06,72.07,CF
2024-08-07,71.98,CF
2024-08-08,78.09,CF
2024-08-09,78.35,CF
2024-08-12,79.39,CF
2024-08-13,79.47,CF
2024-08-14,79.09,CF
2024-08-15,78.83,CF
2024-08-16,80.0,CF
2024-08-19,80.17,CF
2024-08-20,79.1,CF
2024-08-21,79.17,CF
2024-08-22,77.94,CF
2024-08-23,79.45,CF
2024-08-26,80.67,CF
2024-08-27,80.65,CF
2024-08-28,80.87,CF
2024-08-29,81.94,CF
2024-08-30,82.1,CF
2024-09-03,78.17,CF
2024-09-04,79.17,CF
2024-09-05,77.6,CF
2024-09-06,77.62,CF
2024-09-09,77.53,CF
2024-09-10,75.86,CF
2024-09-11,76.53,CF
2024-09-12,76.77,CF
2024-09-13,78.21,CF
2024-09-16,78.78,CF
2024-09-17,80.5,CF
2024-09-18,80.52,CF
2024-09-19,82.14,CF
2024-09-20,80.64,CF
2024-09-23,82.28,CF
2024-09-24,83.88,CF
2024-09-25,82.84,CF
2024-09-26,84.0,CF
2024-09-27,84.62,CF
2024-09-30,84.78,CF
2024-10-01,86.17,CF
2024-10-02,87.1,CF
2024-10-03,88.22,CF
2024-10-04,89.07,CF
2024-10-07,87.12,CF
2024-10-08,85.77,CF
2024-10-09,86.41,CF
2024-10-10,87.22,CF
2024-10-11,86.76,CF
2024-10-14,85.96,CF
2024-10-15,84.05,CF
2024-10-16,83.57,CF
2024-10-17,84.76,CF
2024-10-18,82.99,CF
2024-10-21,83.18,CF
2024-10-22,82.89,CF
2024-10-23,83.17,CF
2024-10-24,82.23,CF
2024-10-25,82.2,CF
2024-10-28,80.93,CF
2024-10-29,80.39,CF
2024-10-30,80.8,CF
2024-10-31,81.25,CF
2024-11-01,83.06,CF
2024-11-04,85.38,CF
2024-11-05,85.53,CF
2024-11-06,82.09,CF
2024-11-07,83.63,CF
2024-11-08,82.71,CF
2024-11-11,84.06,CF
2024-11-12,83.21,CF
2024-11-13,84.19,CF
2024-11-14,84.72,CF
2024-11-15,86.54,CF
2024-11-18,86.84,CF
2024-11-19,87.0,CF
2024-11-20,89.36,CF
2024-11-21,90.08,CF
2024-11-22,89.24,CF
2024-11-25,86.85,CF
2024-11-26,87.6,CF
2024-11-27,88.12,CF
2024-11-29,89.11,CF
2024-12-02,90.4,CF
2024-12-03,93.56,CF
2024-12-04,90.94,CF
2024-12-05,88.82,CF
2024-12-06,87.9,CF
2024-12-09,87.68,CF
2024-12-10,88.29,CF
2024-12-11,89.27,CF
2024-12-12,89.58,CF
2024-12-13,88.95,CF
2024-12-16,86.15,CF
2024-12-17,86.15,CF
2024-12-18,83.91,CF
2024-12-19,83.31,CF
2024-12-20,84.46,CF
2024-12-23,84.33,CF
2024-12-24,84.88,CF
2024-12-26,84.57,CF
2024-12-27,84.23,CF
2024-12-30,83.51,CF
2024-12-31,84.8,CF
2025-01-02,85.3,CF
2025-01-03,87.97,CF
2025-01-06,89.21,CF
2025-01-07,88.21,CF
2025-01-08,86.48,CF
2025-01-10,88.22,CF
2025-01-13,94.91,CF
2025-01-14,94.41,CF
2025-01-15,95.78,CF
2025-01-16,96.65,CF
2025-01-17,96.41,CF
2025-01-21,93.09,CF
2025-01-22,92.94,CF
2025-01-23,94.66,CF
2025-01-24,87.56,CF
2025-01-27,88.23,CF
2025-01-28,89.7,CF
2025-01-29,91.95,CF
2025-01-30,91.63,CF
2025-01-31,91.64,CF
2025-02-03,91.9,CF
2025-02-04,93.51,CF
2025-02-05,89.13,CF
2025-02-06,83.6,CF
2025-02-07,83.53,CF
2025-02-10,86.47,CF
2025-02-11,84.56,CF
2025-02-12,80.68,CF
2025-02-13,80.96,CF
2025-02-14,82.48,CF
2025-02-18,83.22,CF
2025-02-19,83.81,CF
2025-02-20,80.26,CF
2025-02-21,77.9,CF
2025-02-24,77.51,CF
2025-02-25,78.41,CF
2025-02-26,77.78,CF
2025-02-27,79.58,CF
2025-02-28,81.02,CF
2025-03-03,77.97,CF
2025-03-04,75.28,CF
2025-03-05,76.31,CF
2025-03-06,76.61,CF
2025-03-07,77.13,CF
2025-03-10,77.1,CF
2025-03-11,76.83,CF
2025-03-12,77.71,CF
2025-03-13,76.82,CF
2025-03-14,76.63,CF
2025-03-17,77.73,CF
2025-03-18,76.4,CF
2025-03-19,77.37,CF
2025-03-20,76.92,CF
2025-03-21,76.78,CF
2025-03-24,76.83,CF
2025-03-25,75.03,CF
2025-03-26,76.64,CF
2025-03-27,77.98,CF
2025-03-28,77.39,CF
2023-03-31,27.87,CNP
2023-04-03,27.76,CNP
2023-04-04,27.85,CNP
2023-04-05,28.75,CNP
2023-04-06,29.11,CNP
2023-04-10,29.02,CNP
2023-04-11,28.97,CNP
2023-04-12,29.01,CNP
2023-04-13,29.05,CNP
2023-04-14,28.76,CNP
2023-04-17,28.98,CNP
2023-04-18,28.59,CNP
2023-04-19,28.86,CNP
2023-04-20,28.84,CNP
2023-04-21,28.88,CNP
2023-04-24,29.14,CNP
2023-04-25,29.16,CNP
2023-04-26,28.71,CNP
2023-04-27,29.15,CNP
2023-04-28,28.82,CNP
2023-05-01,29.02,CNP
2023-05-02,28.42,CNP
2023-05-03,28.33,CNP
2023-05-04,28.57,CNP
2023-05-05,28.87,CNP
2023-05-08,28.61,CNP
2023-05-09,28.58,CNP
2023-05-10,28.64,CNP
2023-05-11,28.29,CNP
2023-05-12,28.42,CNP
2023-05-15,27.91,CNP
2023-05-16,27.37,CNP
2023-05-17,27.35,CNP
2023-05-18,27.08,CNP
2023-05-19,27.22,CNP
2023-05-22,27.18,CNP
2023-05-23,27.48,CNP
2023-05-24,27.25,CNP
2023-05-25,26.91,CNP
2023-05-26,26.98,CNP
2023-05-30,26.83,CNP
2023-05-31,26.86,CNP
2023-06-01,27.02,CNP
2023-06-02,27.23,CNP
2023-06-05,27.37,CNP
2023-06-06,27.19,CNP
2023-06-07,27.58,CNP
2023-06-08,27.75,CNP
2023-06-09,27.57,CNP
2023-06-12,27.73,CNP
2023-06-13,27.79,CNP
2023-06-14,27.64,CNP
2023-06-15,27.87,CNP
2023-06-16,27.78,CNP
2023-06-20,27.69,CNP
2023-06-21,28.02,CNP
2023-06-22,27.72,CNP
2023-06-23,27.11,CNP
2023-06-26,27.54,CNP
2023-06-27,27.81,CNP
2023-06-28,27.36,CNP
2023-06-29,27.35,CNP
2023-06-30,27.76,CNP
2023-07-03,28.04,CNP
2023-07-05,28.21,CNP
2023-07-06,28.05,CNP
2023-07-07,28.07,CNP
2023-07-10,28.05,CNP
2023-07-11,28.45,CNP
2023-07-12,28.91,CNP
2023-07-13,28.97,CNP
2023-07-14,28.68,CNP
2023-07-17,28.26,CNP
2023-07-18,28.03,CNP
2023-07-19,28.39,CNP
2023-07-20,28.92,CNP
2023-07-21,29.43,CNP
2023-07-24,29.39,CNP
2023-07-25,29.61,CNP
2023-07-26,29.71,CNP
2023-07-27,28.91,CNP
2023-07-28,28.66,CNP
2023-07-31,28.65,CNP
2023-08-01,28.08,CNP
2023-08-02,28.32,CNP
2023-08-03,27.95,CNP
2023-08-04,27.64,CNP
2023-08-07,27.61,CNP
2023-08-08,27.54,CNP
2023-08-09,27.6,CNP
2023-08-10,27.37,CNP
2023-08-11,27.57,CNP
2023-08-14,27.39,CNP
2023-08-15,26.9,CNP
2023-08-16,26.95,CNP
2023-08-17,26.84,CNP
2023-08-18,27.02,CNP
2023-08-21,27.11,CNP
2023-08-22,27.09,CNP
2023-08-23,26.99,CNP
2023-08-24,26.7,CNP
2023-08-25,27.05,CNP
2023-08-28,27.05,CNP
2023-08-29,26.97,CNP
2023-08-30,26.76,CNP
2023-08-31,26.74,CNP
2023-09-01,26.51,CNP
2023-09-05,26.2,CNP
2023-09-06,26.23,CNP
2023-09-07,26.79,CNP
2023-09-08,27.12,CNP
2023-09-11,27.14,CNP
2023-09-12,27.13,CNP
2023-09-13,27.45,CNP
2023-09-14,27.78,CNP
2023-09-15,27.88,CNP
2023-09-18,27.94,CNP
2023-09-19,27.78,CNP
2023-09-20,27.63,CNP
2023-09-21,27.21,CNP
2023-09-22,27.13,CNP
2023-09-25,27.12,CNP
2023-09-26,26.16,CNP
2023-09-27,26.03,CNP
2023-09-28,25.59,CNP
2023-09-29,25.74,CNP
2023-10-02,24.68,CNP
2023-10-03,25.26,CNP
2023-10-04,25.44,CNP
2023-10-05,25.52,CNP
2023-10-06,25.76,CNP
2023-10-09,26.16,CNP
2023-10-10,26.33,CNP
2023-10-11,26.6,CNP
2023-10-12,26.39,CNP
2023-10-13,26.43,CNP
2023-10-16,26.63,CNP
2023-10-17,26.78,CNP
2023-10-18,26.53,CNP
2023-10-19,26.33,CNP
2023-10-20,26.02,CNP
2023-10-23,25.69,CNP
2023-10-24,26.19,CNP
2023-10-25,26.32,CNP
2023-10-26,26.46,CNP
2023-10-27,25.59,CNP
2023-10-30,25.78,CNP
2023-10-31,25.77,CNP
2023-11-01,26.19,CNP
2023-11-02,26.35,CNP
2023-11-03,26.26,CNP
2023-11-06,26.11,CNP
2023-11-07,26.06,CNP
2023-11-08,25.75,CNP
2023-11-09,25.65,CNP
2023-11-10,26.0,CNP
2023-11-13,25.62,CNP
2023-11-14,26.52,CNP
2023-11-15,26.49,CNP
2023-11-16,26.71,CNP
2023-11-17,26.84,CNP
2023-11-20,26.64,CNP
2023-11-21,26.55,CNP
2023-11-22,26.83,CNP
2023-11-24,26.97,CNP
2023-11-27,26.99,CNP
2023-11-28,27.18,CNP
2023-11-29,26.93,CNP
2023-11-30,27.3,CNP
2023-12-01,27.8,CNP
2023-12-04,27.86,CNP
2023-12-05,27.58,CNP
2023-12-06,27.79,CNP
2023-12-07,27.77,CNP
2023-12-08,27.78,CNP
2023-12-11,28.05,CNP
2023-12-12,28.01,CNP
2023-12-13,29.16,CNP
2023-12-14,28.68,CNP
2023-12-15,27.87,CNP
2023-12-18,27.82,CNP
2023-12-19,27.97,CNP
2023-12-20,27.33,CNP
2023-12-21,27.33,CNP
2023-12-22,27.4,CNP
2023-12-26,27.52,CNP
2023-12-27,27.4,CNP
2023-12-28,27.58,CNP
2023-12-29,27.59,CNP
2024-01-02,28.01,CNP
2024-01-03,28.13,CNP
2024-01-04,28.08,CNP
2024-01-05,28.23,CNP
2024-01-08,28.4,CNP
2024-01-09,28.22,CNP
2024-01-10,28.24,CNP
2024-01-11,27.37,CNP
2024-01-12,27.59,CNP
2024-01-16,27.55,CNP
2024-01-17,27.08,CNP
2024-01-18,26.81,CNP
2024-01-19,26.81,CNP
2024-01-22,26.52,CNP
2024-01-23,26.55,CNP
2024-01-24,26.21,CNP
2024-01-25,26.57,CNP
2024-01-26,26.62,CNP
2024-01-29,26.95,CNP
2024-01-30,27.01,CNP
2024-01-31,26.98,CNP
2024-02-01,27.4,CNP
2024-02-02,26.99,CNP
2024-02-05,26.58,CNP
2024-02-06,26.66,CNP
2024-02-07,26.62,CNP
2024-02-08,26.49,CNP
2024-02-09,26.58,CNP
2024-02-12,26.8,CNP
2024-02-13,26.5,CNP
2024-02-14,26.6,CNP
2024-02-15,27.11,CNP
2024-02-16,27.12,CNP
2024-02-20,27.03,CNP
2024-02-21,27.51,CNP
2024-02-22,27.11,CNP
2024-02-23,27.15,CNP
2024-02-26,26.55,CNP
2024-02-27,26.89,CNP
2024-02-28,26.73,CNP
2024-02-29,26.75,CNP
2024-03-01,26.69,CNP
2024-03-04,27.18,CNP
2024-03-05,27.13,CNP
2024-03-06,27.53,CNP
2024-03-07,27.54,CNP
2024-03-08,27.56,CNP
2024-03-11,27.74,CNP
2024-03-12,27.36,CNP
2024-03-13,27.24,CNP
2024-03-14,27.13,CNP
2024-03-15,27.11,CNP
2024-03-18,27.18,CNP
2024-03-19,27.41,CNP
2024-03-20,27.33,CNP
2024-03-21,27.23,CNP
2024-03-22,27.07,CNP
2024-03-25,26.85,CNP
2024-03-26,26.49,CNP
2024-03-27,27.52,CNP
2024-03-28,27.71,CNP
2024-04-01,27.64,CNP
2024-04-02,27.66,CNP
2024-04-03,27.38,CNP
2024-04-04,27.33,CNP
2024-04-05,27.28,CNP
2024-04-08,27.45,CNP
2024-04-09,27.51,CNP
2024-04-10,26.62,CNP
2024-04-11,26.83,CNP
2024-04-12,26.71,CNP
2024-04-15,26.65,CNP
2024-04-16,26.48,CNP
2024-04-17,26.94,CNP
2024-04-18,27.19,CNP
2024-04-19,27.75,CNP
2024-04-22,27.99,CNP
2024-04-23,27.95,CNP
2024-04-24,28.28,CNP
2024-04-25,28.54,CNP
2024-04-26,28.06,CNP
2024-04-29,28.42,CNP
2024-04-30,28.34,CNP
2024-05-01,28.52,CNP
2024-05-02,28.6,CNP
2024-05-03,28.65,CNP
2024-05-06,28.52,CNP
2024-05-07,28.79,CNP
2024-05-08,28.66,CNP
2024-05-09,28.98,CNP
2024-05-10,28.89,CNP
2024-05-13,28.85,CNP
2024-05-14,28.87,CNP
2024-05-15,29.14,CNP
2024-05-16,29.32,CNP
2024-05-17,29.46,CNP
2024-05-20,29.37,CNP
2024-05-21,29.78,CNP
2024-05-22,29.44,CNP
2024-05-23,28.74,CNP
2024-05-24,28.9,CNP
2024-05-28,28.93,CNP
2024-05-29,28.77,CNP
2024-05-30,29.12,CNP
2024-05-31,29.88,CNP
2024-06-03,30.11,CNP
2024-06-04,30.2,CNP
2024-06-05,29.8,CNP
2024-06-06,29.62,CNP
2024-06-07,29.54,CNP
2024-06-10,29.8,CNP
2024-06-11,30.18,CNP
2024-06-12,30.35,CNP
2024-06-13,30.26,CNP
2024-06-14,30.21,CNP
2024-06-17,30.05,CNP
2024-06-18,30.36,CNP
2024-06-20,30.63,CNP
2024-06-21,30.36,CNP
2024-06-24,30.66,CNP
2024-06-25,29.76,CNP
2024-06-26,29.87,CNP
2024-06-27,30.17,CNP
2024-06-28,30.34,CNP
2024-07-01,29.92,CNP
2024-07-02,29.83,CNP
2024-07-03,29.7,CNP
2024-07-05,29.86,CNP
2024-07-08,29.69,CNP
2024-07-09,29.02,CNP
2024-07-10,28.98,CNP
2024-07-11,29.06,CNP
2024-07-12,29.67,CNP
2024-07-15,27.69,CNP
2024-07-16,27.98,CNP
2024-07-17,28.05,CNP
2024-07-18,28.22,CNP
2024-07-19,28.37,CNP
2024-07-22,28.36,CNP
2024-07-23,28.11,CNP
2024-07-24,28.42,CNP
2024-07-25,28.28,CNP
2024-07-26,28.75,CNP
2024-07-29,28.59,CNP
2024-07-30,27.92,CNP
2024-07-31,27.17,CNP
2024-08-01,27.57,CNP
2024-08-02,26.51,CNP
2024-08-05,25.39,CNP
2024-08-06,25.24,CNP
2024-08-07,25.1,CNP
2024-08-08,25.74,CNP
2024-08-09,25.92,CNP
2024-08-12,25.66,CNP
2024-08-13,25.34,CNP
2024-08-14,25.24,CNP
2024-08-15,25.53,CNP
2024-08-16,25.45,CNP
2024-08-19,25.7,CNP
2024-08-20,25.47,CNP
2024-08-21,25.8,CNP
2024-08-22,26.59,CNP
2024-08-23,26.42,CNP
2024-08-26,26.82,CNP
2024-08-27,26.86,CNP
2024-08-28,26.84,CNP
2024-08-29,26.73,CNP
2024-08-30,26.94,CNP
2024-09-03,27.13,CNP
2024-09-04,27.29,CNP
2024-09-05,27.4,CNP
2024-09-06,26.92,CNP
2024-09-09,27.05,CNP
2024-09-10,27.19,CNP
2024-09-11,27.58,CNP
2024-09-12,27.23,CNP
2024-09-13,27.57,CNP
2024-09-16,27.84,CNP
2024-09-17,27.95,CNP
2024-09-18,27.84,CNP
2024-09-19,27.89,CNP
2024-09-20,27.8,CNP
2024-09-23,28.55,CNP
2024-09-24,28.31,CNP
2024-09-25,28.25,CNP
2024-09-26,28.56,CNP
2024-09-27,28.72,CNP
2024-09-30,29.04,CNP
2024-10-01,29.5,CNP
2024-10-02,29.66,CNP
2024-10-03,29.9,CNP
2024-10-04,30.12,CNP
2024-10-07,29.25,CNP
2024-10-08,29.09,CNP
2024-10-09,29.1,CNP
2024-10-10,29.1,CNP
2024-10-11,29.18,CNP
2024-10-14,29.39,CNP
2024-10-15,29.57,CNP
2024-10-16,29.72,CNP
2024-10-17,29.79,CNP
2024-10-18,29.72,CNP
2024-10-21,29.7,CNP
2024-10-22,29.4,CNP
2024-10-23,29.36,CNP
2024-10-24,29.09,CNP
2024-10-25,28.93,CNP
2024-10-28,29.36,CNP
2024-10-29,29.05,CNP
2024-10-30,28.88,CNP
2024-10-31,29.14,CNP
2024-11-01,28.21,CNP
2024-11-04,28.64,CNP
2024-11-05,29.16,CNP
2024-11-06,28.64,CNP
2024-11-07,28.99,CNP
2024-11-08,29.99,CNP
2024-11-11,29.67,CNP
2024-11-12,30.04,CNP
2024-11-13,30.01,CNP
2024-11-14,29.59,CNP
2024-11-15,30.46,CNP
2024-11-18,30.74,CNP
2024-11-19,30.99,CNP
2024-11-20,31.16,CNP
2024-11-21,31.53,CNP
2024-11-22,31.72,CNP
2024-11-25,32.27,CNP
2024-11-26,32.32,CNP
2024-11-27,32.45,CNP
2024-11-29,32.41,CNP
2024-12-02,31.78,CNP
2024-12-03,31.92,CNP
2024-12-04,32.09,CNP
2024-12-05,31.78,CNP
2024-12-06,31.46,CNP
2024-12-09,31.16,CNP
2024-12-10,31.18,CNP
2024-12-11,31.21,CNP
2024-12-12,31.7,CNP
2024-12-13,31.73,CNP
2024-12-16,31.86,CNP
2024-12-17,31.51,CNP
2024-12-18,31.24,CNP
2024-12-19,31.56,CNP
2024-12-20,32.33,CNP
2024-12-23,31.89,CNP
2024-12-24,32.18,CNP
2024-12-26,32.16,CNP
2024-12-27,32.0,CNP
2024-12-30,31.62,CNP
2024-12-31,31.53,CNP
2025-01-02,31.29,CNP
2025-01-03,31.44,CNP
2025-01-06,30.85,CNP
2025-01-07,30.67,CNP
2025-01-08,30.97,CNP
2025-01-10,30.98,CNP
2025-01-13,31.41,CNP
2025-01-14,31.65,CNP
2025-01-15,31.66,CNP
2025-01-16,32.59,CNP
2025-01-17,32.35,CNP
2025-01-21,32.85,CNP
2025-01-22,32.23,CNP
2025-01-23,32.23,CNP
2025-01-24,32.15,CNP
2025-01-27,32.67,CNP
2025-01-28,32.1,CNP
2025-01-29,32.09,CNP
2025-01-30,32.67,CNP
2025-01-31,32.36,CNP
2025-02-03,32.3,CNP
2025-02-04,31.94,CNP
2025-02-05,32.06,CNP
2025-02-06,32.23,CNP
2025-02-07,32.19,CNP
2025-02-10,32.17,CNP
2025-02-11,32.2,CNP
2025-02-12,32.37,CNP
2025-02-13,33.21,CNP
2025-02-14,33.19,CNP
2025-02-18,33.59,CNP
2025-02-19,33.87,CNP
2025-02-20,33.73,CNP
2025-02-21,34.29,CNP
2025-02-24,34.2,CNP
2025-02-25,34.22,CNP
2025-02-26,34.04,CNP
2025-02-27,33.74,CNP
2025-02-28,34.38,CNP
2025-03-03,34.57,CNP
2025-03-04,33.69,CNP
2025-03-05,33.82,CNP
2025-03-06,33.4,CNP
2025-03-07,34.26,CNP
2025-03-10,34.43,CNP
2025-03-11,34.53,CNP
2025-03-12,34.55,CNP
2025-03-13,34.61,CNP
2025-03-14,35.48,CNP
2025-03-17,35.59,CNP
2025-03-18,35.66,CNP
2025-03-19,35.86,CNP
2025-03-20,35.96,CNP
2025-03-21,35.77,CNP
2025-03-24,35.72,CNP
2025-03-25,35.23,CNP
2025-03-26,35.54,CNP
2025-03-27,35.67,CNP
2025-03-28,36.25,CNP
2023-03-31,48.1,ETR
2023-04-03,47.85,ETR
2023-04-04,47.99,ETR
2023-04-05,49.37,ETR
2023-04-06,49.54,ETR
2023-04-10,49.56,ETR
2023-04-11,49.31,ETR
2023-04-12,49.15,ETR
2023-04-13,48.74,ETR
2023-04-14,48.06,ETR
2023-04-17,48.63,ETR
2023-04-18,48.48,ETR
2023-04-19,48.84,ETR
2023-04-20,48.49,ETR
2023-04-21,48.5,ETR
2023-04-24,48.68,ETR
2023-04-25,48.56,ETR
2023-04-26,46.9,ETR
2023-04-27,47.85,ETR
2023-04-28,48.03,ETR
2023-05-01,47.95,ETR
2023-05-02,47.52,ETR
2023-05-03,47.85,ETR
2023-05-04,48.34,ETR
2023-05-05,48.92,ETR
2023-05-08,48.71,ETR
2023-05-09,48.74,ETR
2023-05-10,49.03,ETR
2023-05-11,48.44,ETR
2023-05-12,48.82,ETR
2023-05-15,48.04,ETR
2023-05-16,46.93,ETR
2023-05-17,46.53,ETR
2023-05-18,46.25,ETR
2023-05-19,45.81,ETR
2023-05-22,45.75,ETR
2023-05-23,45.69,ETR
2023-05-24,45.09,ETR
2023-05-25,44.3,ETR
2023-05-26,44.1,ETR
2023-05-30,44.07,ETR
2023-05-31,44.74,ETR
2023-06-01,44.37,ETR
2023-06-02,45.31,ETR
2023-06-05,45.45,ETR
2023-06-06,45.09,ETR
2023-06-07,46.16,ETR
2023-06-08,46.25,ETR
2023-06-09,46.22,ETR
2023-06-12,46.15,ETR
2023-06-13,45.93,ETR
2023-06-14,46.15,ETR
2023-06-15,46.56,ETR
2023-06-16,46.48,ETR
2023-06-20,45.35,ETR
2023-06-21,45.83,ETR
2023-06-22,45.19,ETR
2023-06-23,44.25,ETR
2023-06-26,45.08,ETR
2023-06-27,45.02,ETR
2023-06-28,43.64,ETR
2023-06-29,43.62,ETR
2023-06-30,44.36,ETR
2023-07-03,44.71,ETR
2023-07-05,45.18,ETR
2023-07-06,45.01,ETR
2023-07-07,44.41,ETR
2023-07-10,43.9,ETR
2023-07-11,44.47,ETR
2023-07-12,44.8,ETR
2023-07-13,45.12,ETR
2023-07-14,45.51,ETR
2023-07-17,44.99,ETR
2023-07-18,45.11,ETR
2023-07-19,46.14,ETR
2023-07-20,47.26,ETR
2023-07-21,47.38,ETR
2023-07-24,47.59,ETR
2023-07-25,47.59,ETR
2023-07-26,47.56,ETR
2023-07-27,47.22,ETR
2023-07-28,47.05,ETR
2023-07-31,46.79,ETR
2023-08-01,46.1,ETR
2023-08-02,46.2,ETR
2023-08-03,44.78,ETR
2023-08-04,44.49,ETR
2023-08-07,44.3,ETR
2023-08-08,44.37,ETR
2023-08-09,44.15,ETR
2023-08-10,44.8,ETR
2023-08-11,44.87,ETR
2023-08-14,44.88,ETR
2023-08-15,44.08,ETR
2023-08-16,44.53,ETR
2023-08-17,44.29,ETR
2023-08-18,44.53,ETR
2023-08-21,44.3,ETR
2023-08-22,44.14,ETR
2023-08-23,44.49,ETR
2023-08-24,44.17,ETR
2023-08-25,44.17,ETR
2023-08-28,44.39,ETR
2023-08-29,45.65,ETR
2023-08-30,45.06,ETR
2023-08-31,44.38,ETR
2023-09-01,43.95,ETR
2023-09-05,43.18,ETR
2023-09-06,43.73,ETR
2023-09-07,43.96,ETR
2023-09-08,44.39,ETR
2023-09-11,44.42,ETR
2023-09-12,44.61,ETR
2023-09-13,45.24,ETR
2023-09-14,46.01,ETR
2023-09-15,45.85,ETR
2023-09-18,46.02,ETR
2023-09-19,45.87,ETR
2023-09-20,45.76,ETR
2023-09-21,45.17,ETR
2023-09-22,44.98,ETR
2023-09-25,44.8,ETR
2023-09-26,43.42,ETR
2023-09-27,43.45,ETR
2023-09-28,43.0,ETR
2023-09-29,43.1,ETR
2023-10-02,41.41,ETR
2023-10-03,41.97,ETR
2023-10-04,42.41,ETR
2023-10-05,42.75,ETR
2023-10-06,42.86,ETR
2023-10-09,43.34,ETR
2023-10-10,43.61,ETR
2023-10-11,44.24,ETR
2023-10-12,43.6,ETR
2023-10-13,43.59,ETR
2023-10-16,44.35,ETR
2023-10-17,44.15,ETR
2023-10-18,44.14,ETR
2023-10-19,43.5,ETR
2023-10-20,43.37,ETR
2023-10-23,42.36,ETR
2023-10-24,43.05,ETR
2023-10-25,43.12,ETR
2023-10-26,43.42,ETR
2023-10-27,42.58,ETR
2023-10-30,44.15,ETR
2023-10-31,44.54,ETR
2023-11-01,45.54,ETR
2023-11-02,45.96,ETR
2023-11-03,45.74,ETR
2023-11-06,45.69,ETR
2023-11-07,45.5,ETR
2023-11-08,45.19,ETR
2023-11-09,45.11,ETR
2023-11-10,45.01,ETR
2023-11-13,44.82,ETR
2023-11-14,46.36,ETR
2023-11-15,46.35,ETR
2023-11-16,46.6,ETR
2023-11-17,46.72,ETR
2023-11-20,46.65,ETR
2023-11-21,47.43,ETR
2023-11-22,47.7,ETR
2023-11-24,47.66,ETR
2023-11-27,47.91,ETR
2023-11-28,47.92,ETR
2023-11-29,47.42,ETR
2023-11-30,47.81,ETR
2023-12-01,48.1,ETR
2023-12-04,47.8,ETR
2023-12-05,47.34,ETR
2023-12-06,47.87,ETR
2023-12-07,48.03,ETR
2023-12-08,48.09,ETR
2023-12-11,48.14,ETR
2023-12-12,47.89,ETR
2023-12-13,49.69,ETR
2023-12-14,48.68,ETR
2023-12-15,47.56,ETR
2023-12-18,47.86,ETR
2023-12-19,47.87,ETR
2023-12-20,46.97,ETR
2023-12-21,47.02,ETR
2023-12-22,47.25,ETR
2023-12-26,47.31,ETR
2023-12-27,47.29,ETR
2023-12-28,47.57,ETR
2023-12-29,47.7,ETR
2024-01-02,48.39,ETR
2024-01-03,48.59,ETR
2024-01-04,48.58,ETR
2024-01-05,49.0,ETR
2024-01-08,49.35,ETR
2024-01-09,49.2,ETR
2024-01-10,49.28,ETR
2024-01-11,48.31,ETR
2024-01-12,48.62,ETR
2024-01-16,48.54,ETR
2024-01-17,47.48,ETR
2024-01-18,46.61,ETR
2024-01-19,46.71,ETR
2024-01-22,46.36,ETR
2024-01-23,46.36,ETR
2024-01-24,45.82,ETR
2024-01-25,46.71,ETR
2024-01-26,46.82,ETR
2024-01-29,47.02,ETR
2024-01-30,47.26,ETR
2024-01-31,47.03,ETR
2024-02-01,48.08,ETR
2024-02-02,47.42,ETR
2024-02-05,46.95,ETR
2024-02-06,46.88,ETR
2024-02-07,46.56,ETR
2024-02-08,46.99,ETR
2024-02-09,47.26,ETR
2024-02-12,47.79,ETR
2024-02-13,47.4,ETR
2024-02-14,47.32,ETR
2024-02-15,48.25,ETR
2024-02-16,48.32,ETR
2024-02-20,48.25,ETR
2024-02-21,48.85,ETR
2024-02-22,48.98,ETR
2024-02-23,49.45,ETR
2024-02-26,48.22,ETR
2024-02-27,48.62,ETR
2024-02-28,48.52,ETR
2024-02-29,49.0,ETR
2024-03-01,48.47,ETR
2024-03-04,49.22,ETR
2024-03-05,49.23,ETR
2024-03-06,49.55,ETR
2024-03-07,49.62,ETR
2024-03-08,49.86,ETR
2024-03-11,49.87,ETR
2024-03-12,49.58,ETR
2024-03-13,49.69,ETR
2024-03-14,49.45,ETR
2024-03-15,49.19,ETR
2024-03-18,49.51,ETR
2024-03-19,49.81,ETR
2024-03-20,49.7,ETR
2024-03-21,49.87,ETR
2024-03-22,49.78,ETR
2024-03-25,49.74,ETR
2024-03-26,49.38,ETR
2024-03-27,50.6,ETR
2024-03-28,50.99,ETR
2024-04-01,50.53,ETR
2024-04-02,50.79,ETR
2024-04-03,50.37,ETR
2024-04-04,50.33,ETR
2024-04-05,50.29,ETR
2024-04-08,51.03,ETR
2024-04-09,51.3,ETR
2024-04-10,50.45,ETR
2024-04-11,50.09,ETR
2024-04-12,49.65,ETR
2024-04-15,49.35,ETR
2024-04-16,48.54,ETR
2024-04-17,49.79,ETR
2024-04-18,50.06,ETR
2024-04-19,51.51,ETR
2024-04-22,51.84,ETR
2024-04-23,51.71,ETR
2024-04-24,51.36,ETR
2024-04-25,51.88,ETR
2024-04-26,51.38,ETR
2024-04-29,51.71,ETR
2024-04-30,51.46,ETR
2024-05-01,52.17,ETR
2024-05-02,52.25,ETR
2024-05-03,52.7,ETR
2024-05-06,53.16,ETR
2024-05-07,53.92,ETR
2024-05-08,54.04,ETR
2024-05-09,54.36,ETR
2024-05-10,54.61,ETR
2024-05-13,54.54,ETR
2024-05-14,54.27,ETR
2024-05-15,54.9,ETR
2024-05-16,55.28,ETR
2024-05-17,55.12,ETR
2024-05-20,55.01,ETR
2024-05-21,55.7,ETR
2024-05-22,54.96,ETR
2024-05-23,53.35,ETR
2024-05-24,53.22,ETR
2024-05-28,52.44,ETR
2024-05-29,52.04,ETR
2024-05-30,52.56,ETR
2024-05-31,54.85,ETR
2024-06-03,54.51,ETR
2024-06-04,54.42,ETR
2024-06-05,54.07,ETR
2024-06-06,53.57,ETR
2024-06-07,52.89,ETR
2024-06-10,52.69,ETR
2024-06-11,52.74,ETR
2024-06-12,52.35,ETR
2024-06-13,52.23,ETR
2024-06-14,52.19,ETR
2024-06-17,51.87,ETR
2024-06-18,51.71,ETR
2024-06-20,51.83,ETR
2024-06-21,51.6,ETR
2024-06-24,52.53,ETR
2024-06-25,52.01,ETR
2024-06-26,51.88,ETR
2024-06-27,52.06,ETR
2024-06-28,52.18,ETR
2024-07-01,51.56,ETR
2024-07-02,51.64,ETR
2024-07-03,51.47,ETR
2024-07-05,51.38,ETR
2024-07-08,51.08,ETR
2024-07-09,51.18,ETR
2024-07-10,51.65,ETR
2024-07-11,52.9,ETR
2024-07-12,53.23,ETR
2024-07-15,52.09,ETR
2024-07-16,52.89,ETR
2024-07-17,53.95,ETR
2024-07-18,54.0,ETR
2024-07-19,53.87,ETR
2024-07-22,54.14,ETR
2024-07-23,53.81,ETR
2024-07-24,54.55,ETR
2024-07-25,54.33,ETR
2024-07-26,55.41,ETR
2024-07-29,55.77,ETR
2024-07-30,56.73,ETR
2024-07-31,56.55,ETR
2024-08-01,58.92,ETR
2024-08-02,58.91,ETR
2024-08-05,56.33,ETR
2024-08-06,56.64,ETR
2024-08-07,57.04,ETR
2024-08-08,57.16,ETR
2024-08-09,57.31,ETR
2024-08-12,57.31,ETR
2024-08-13,57.74,ETR
2024-08-14,58.09,ETR
2024-08-15,57.66,ETR
2024-08-16,57.9,ETR
2024-08-19,58.29,ETR
2024-08-20,58.53,ETR
2024-08-21,58.53,ETR
2024-08-22,58.49,ETR
2024-08-23,58.49,ETR
2024-08-26,58.84,ETR
2024-08-27,58.63,ETR
2024-08-28,58.73,ETR
2024-08-29,59.0,ETR
2024-08-30,59.42,ETR
2024-09-03,60.16,ETR
2024-09-04,60.33,ETR
2024-09-05,60.22,ETR
2024-09-06,60.02,ETR
2024-09-09,60.15,ETR
2024-09-10,59.89,ETR
2024-09-11,60.18,ETR
2024-09-12,60.83,ETR
2024-09-13,62.58,ETR
2024-09-16,63.25,ETR
2024-09-17,63.55,ETR
2024-09-18,63.32,ETR
2024-09-19,62.87,ETR
2024-09-20,63.64,ETR
2024-09-23,64.02,ETR
2024-09-24,64.02,ETR
2024-09-25,63.88,ETR
2024-09-26,63.8,ETR
2024-09-27,64.56,ETR
2024-09-30,64.8,ETR
2024-10-01,65.46,ETR
2024-10-02,65.35,ETR
2024-10-03,65.48,ETR
2024-10-04,65.24,ETR
2024-10-07,64.45,ETR
2024-10-08,64.27,ETR
2024-10-09,64.03,ETR
2024-10-10,63.54,ETR
2024-10-11,64.32,ETR
2024-10-14,64.94,ETR
2024-10-15,65.66,ETR
2024-10-16,66.13,ETR
2024-10-17,66.29,ETR
2024-10-18,66.61,ETR
2024-10-21,66.49,ETR
2024-10-22,66.46,ETR
2024-10-23,67.43,ETR
2024-10-24,67.69,ETR
2024-10-25,66.66,ETR
2024-10-28,67.12,ETR
2024-10-29,66.04,ETR
2024-10-30,66.17,ETR
2024-10-31,76.21,ETR
2024-11-01,71.29,ETR
2024-11-04,70.13,ETR
2024-11-05,71.86,ETR
2024-11-06,71.92,ETR
2024-11-07,71.87,ETR
2024-11-08,73.35,ETR
2024-11-11,74.03,ETR
2024-11-12,73.48,ETR
2024-11-13,73.27,ETR
2024-11-14,72.98,ETR
2024-11-15,74.02,ETR
2024-11-18,74.09,ETR
2024-11-19,74.4,ETR
2024-11-20,74.81,ETR
2024-11-21,75.22,ETR
2024-11-22,74.98,ETR
2024-11-25,75.69,ETR
2024-11-26,77.4,ETR
2024-11-27,77.63,ETR
2024-11-29,77.52,ETR
2024-12-02,76.07,ETR
2024-12-03,75.11,ETR
2024-12-04,75.27,ETR
2024-12-05,76.31,ETR
2024-12-06,75.23,ETR
2024-12-09,74.24,ETR
2024-12-10,73.62,ETR
2024-12-11,73.4,ETR
2024-12-12,73.6,ETR
2024-12-13,73.7,ETR
2024-12-16,74.22,ETR
2024-12-17,74.3,ETR
2024-12-18,72.66,ETR
2024-12-19,73.95,ETR
2024-12-20,74.58,ETR
2024-12-23,74.88,ETR
2024-12-24,75.67,ETR
2024-12-26,75.39,ETR
2024-12-27,75.21,ETR
2024-12-30,75.2,ETR
2024-12-31,75.27,ETR
2025-01-02,74.85,ETR
2025-01-03,76.12,ETR
2025-01-06,74.71,ETR
2025-01-07,75.41,ETR
2025-01-08,76.04,ETR
2025-01-10,75.64,ETR
2025-01-13,76.51,ETR
2025-01-14,77.0,ETR
2025-01-15,78.41,ETR
2025-01-16,80.72,ETR
2025-01-17,81.39,ETR
2025-01-21,83.01,ETR
2025-01-22,81.99,ETR
2025-01-23,81.3,ETR
2025-01-24,81.92,ETR
2025-01-27,78.22,ETR
2025-01-28,77.05,ETR
2025-01-29,78.66,ETR
2025-01-30,80.59,ETR
2025-01-31,80.49,ETR
2025-02-03,81.44,ETR
2025-02-04,81.07,ETR
2025-02-05,81.9,ETR
2025-02-06,82.19,ETR
2025-02-07,81.8,ETR
2025-02-10,81.8,ETR
2025-02-11,82.02,ETR
2025-02-12,82.82,ETR
2025-02-13,83.25,ETR
2025-02-14,82.49,ETR
2025-02-18,87.4,ETR
2025-02-19,87.32,ETR
2025-02-20,85.86,ETR
2025-02-21,85.09,ETR
2025-02-24,85.29,ETR
2025-02-25,85.44,ETR
2025-02-26,86.15,ETR
2025-02-27,85.27,ETR
2025-02-28,87.31,ETR
2025-03-03,87.89,ETR
2025-03-04,85.08,ETR
2025-03-05,84.66,ETR
2025-03-06,81.18,ETR
2025-03-07,81.33,ETR
2025-03-10,80.46,ETR
2025-03-11,82.38,ETR
2025-03-12,82.64,ETR
2025-03-13,82.84,ETR
2025-03-14,84.99,ETR
2025-03-17,85.45,ETR
2025-03-18,83.48,ETR
2025-03-19,84.66,ETR
2025-03-20,84.64,ETR
2025-03-21,83.88,ETR
2025-03-24,84.01,ETR
2025-03-25,82.92,ETR
2025-03-26,84.11,ETR
2025-03-27,84.02,ETR
2025-03-28,84.41,ETR
2023-03-31,71.36,EXE
2023-04-03,72.13,EXE
2023-04-04,71.61,EXE
2023-04-05,71.99,EXE
2023-04-06,70.64,EXE
2023-04-10,72.76,EXE
2023-04-11,74.01,EXE
2023-04-12,74.18,EXE
2023-04-13,75.57,EXE
2023-04-14,75.99,EXE
2023-04-17,76.56,EXE
2023-04-18,76.35,EXE
2023-04-19,75.94,EXE
2023-04-20,76.0,EXE
2023-04-21,75.87,EXE
2023-04-24,77.39,EXE
2023-04-25,74.9,EXE
2023-04-26,74.44,EXE
2023-04-27,75.41,EXE
2023-04-28,77.59,EXE
2023-05-01,77.17,EXE
2023-05-02,75.17,EXE
2023-05-03,72.28,EXE
2023-05-04,72.23,EXE
2023-05-05,73.8,EXE
2023-05-08,73.5,EXE
2023-05-09,73.28,EXE
2023-05-10,72.91,EXE
2023-05-11,72.5,EXE
2023-05-12,74.87,EXE
2023-05-15,76.96,EXE
2023-05-16,75.05,EXE
2023-05-17,74.54,EXE
2023-05-18,78.32,EXE
2023-05-19,77.36,EXE
2023-05-22,77.93,EXE
2023-05-23,76.94,EXE
2023-05-24,76.17,EXE
2023-05-25,75.21,EXE
2023-05-26,73.94,EXE
2023-05-30,71.93,EXE
2023-05-31,71.67,EXE
2023-06-01,72.53,EXE
2023-06-02,75.84,EXE
2023-06-05,74.0,EXE
2023-06-06,75.36,EXE
2023-06-07,77.38,EXE
2023-06-08,77.51,EXE
2023-06-09,76.1,EXE
2023-06-12,75.19,EXE
2023-06-13,76.73,EXE
2023-06-14,75.97,EXE
2023-06-15,77.65,EXE
2023-06-16,78.44,EXE
2023-06-20,77.16,EXE
2023-06-21,77.97,EXE
2023-06-22,77.22,EXE
2023-06-23,76.76,EXE
2023-06-26,77.59,EXE
2023-06-27,77.93,EXE
2023-06-28,77.44,EXE
2023-06-29,80.01,EXE
2023-06-30,79.7,EXE
2023-07-03,79.81,EXE
2023-07-05,79.35,EXE
2023-07-06,77.43,EXE
2023-07-07,78.24,EXE
2023-07-10,78.9,EXE
2023-07-11,80.22,EXE
2023-07-12,80.11,EXE
2023-07-13,79.43,EXE
2023-07-14,77.26,EXE
2023-07-17,77.01,EXE
2023-07-18,77.63,EXE
2023-07-19,78.23,EXE
2023-07-20,79.5,EXE
2023-07-21,79.14,EXE
2023-07-24,79.45,EXE
2023-07-25,78.94,EXE
2023-07-26,79.36,EXE
2023-07-27,78.25,EXE
2023-07-28,80.46,EXE
2023-07-31,80.33,EXE
2023-08-01,80.43,EXE
2023-08-02,78.57,EXE
2023-08-03,80.02,EXE
2023-08-04,81.31,EXE
2023-08-07,82.77,EXE
2023-08-08,83.05,EXE
2023-08-09,83.61,EXE
2023-08-10,81.36,EXE
2023-08-11,80.91,EXE
2023-08-14,80.32,EXE
2023-08-15,78.93,EXE
2023-08-16,79.2,EXE
2023-08-17,82.72,EXE
2023-08-18,82.42,EXE
2023-08-21,83.23,EXE
2023-08-22,82.55,EXE
2023-08-23,81.43,EXE
2023-08-24,81.06,EXE
2023-08-25,81.65,EXE
2023-08-28,81.97,EXE
2023-08-29,82.83,EXE
2023-08-30,84.21,EXE
2023-08-31,84.6,EXE
2023-09-01,86.57,EXE
2023-09-05,85.13,EXE
2023-09-06,84.78,EXE
2023-09-07,84.06,EXE
2023-09-08,84.87,EXE
2023-09-11,83.84,EXE
2023-09-12,84.59,EXE
2023-09-13,83.68,EXE
2023-09-14,83.95,EXE
2023-09-15,81.96,EXE
2023-09-18,81.79,EXE
2023-09-19,81.21,EXE
2023-09-20,80.38,EXE
2023-09-21,79.32,EXE
2023-09-22,78.71,EXE
2023-09-25,79.69,EXE
2023-09-26,79.68,EXE
2023-09-27,82.12,EXE
2023-09-28,83.17,EXE
2023-09-29,82.7,EXE
2023-10-02,80.22,EXE
2023-10-03,79.58,EXE
2023-10-04,78.83,EXE
2023-10-05,80.55,EXE
2023-10-06,83.71,EXE
2023-10-09,85.46,EXE
2023-10-10,85.11,EXE
2023-10-11,84.59,EXE
2023-10-12,85.28,EXE
2023-10-13,85.28,EXE
2023-10-16,85.36,EXE
2023-10-17,85.93,EXE
2023-10-18,85.71,EXE
2023-10-19,85.14,EXE
2023-10-20,84.42,EXE
2023-10-23,83.3,EXE
2023-10-24,83.37,EXE
2023-10-25,83.11,EXE
2023-10-26,83.52,EXE
2023-10-27,82.28,EXE
2023-10-30,82.1,EXE
2023-10-31,82.56,EXE
2023-11-01,83.36,EXE
2023-11-02,85.07,EXE
2023-11-03,85.71,EXE
2023-11-06,81.73,EXE
2023-11-07,79.21,EXE
2023-11-08,78.07,EXE
2023-11-09,77.2,EXE
2023-11-10,75.86,EXE
2023-11-13,76.74,EXE
2023-11-14,78.21,EXE
2023-11-15,80.41,EXE
2023-11-16,78.36,EXE
2023-11-17,78.8,EXE
2023-11-20,78.97,EXE
2023-11-21,78.89,EXE
2023-11-22,79.02,EXE
2023-11-24,79.35,EXE
2023-11-27,78.78,EXE
2023-11-28,78.22,EXE
2023-11-29,77.05,EXE
2023-11-30,77.57,EXE
2023-12-01,77.85,EXE
2023-12-04,75.65,EXE
2023-12-05,73.79,EXE
2023-12-06,71.43,EXE
2023-12-07,72.48,EXE
2023-12-08,72.49,EXE
2023-12-11,72.54,EXE
2023-12-12,71.25,EXE
2023-12-13,72.4,EXE
2023-12-14,73.19,EXE
2023-12-15,73.19,EXE
2023-12-18,73.7,EXE
2023-12-19,74.3,EXE
2023-12-20,72.62,EXE
2023-12-21,74.69,EXE
2023-12-22,74.65,EXE
2023-12-26,75.29,EXE
2023-12-27,75.44,EXE
2023-12-28,74.88,EXE
2023-12-29,74.32,EXE
2024-01-02,74.37,EXE
2024-01-03,75.28,EXE
2024-01-04,74.34,EXE
2024-01-05,76.5,EXE
2024-01-08,76.07,EXE
2024-01-09,75.68,EXE
2024-01-10,74.55,EXE
2024-01-11,76.91,EXE
2024-01-12,80.05,EXE
2024-01-16,75.98,EXE
2024-01-17,74.37,EXE
2024-01-18,73.75,EXE
2024-01-19,73.35,EXE
2024-01-22,72.74,EXE
2024-01-23,72.34,EXE
2024-01-24,73.83,EXE
2024-01-25,74.71,EXE
2024-01-26,74.87,EXE
2024-01-29,74.84,EXE
2024-01-30,76.42,EXE
2024-01-31,74.48,EXE
2024-02-01,74.31,EXE
2024-02-02,73.98,EXE
2024-02-05,72.78,EXE
2024-02-06,73.44,EXE
2024-02-07,73.45,EXE
2024-02-08,74.64,EXE
2024-02-09,74.21,EXE
2024-02-12,74.92,EXE
2024-02-13,73.82,EXE
2024-02-14,73.26,EXE
2024-02-15,75.43,EXE
2024-02-16,76.05,EXE
2024-02-20,75.0,EXE
2024-02-21,80.99,EXE
2024-02-22,80.44,EXE
2024-02-23,79.14,EXE
2024-02-26,79.19,EXE
2024-02-27,79.15,EXE
2024-02-28,79.25,EXE
2024-02-29,79.96,EXE
2024-03-01,79.99,EXE
2024-03-04,79.61,EXE
2024-03-05,80.09,EXE
2024-03-06,79.68,EXE
2024-03-07,79.3,EXE
2024-03-08,79.77,EXE
2024-03-11,81.07,EXE
2024-03-12,81.45,EXE
2024-03-13,82.64,EXE
2024-03-14,82.09,EXE
2024-03-15,81.19,EXE
2024-03-18,81.2,EXE
2024-03-19,82.35,EXE
2024-03-20,83.83,EXE
2024-03-21,83.89,EXE
2024-03-22,83.95,EXE
2024-03-25,84.41,EXE
2024-03-26,83.39,EXE
2024-03-27,85.33,EXE
2024-03-28,86.4,EXE
2024-04-01,87.3,EXE
2024-04-02,86.54,EXE
2024-04-03,87.83,EXE
2024-04-04,86.88,EXE
2024-04-05,87.06,EXE
2024-04-08,87.72,EXE
2024-04-09,87.45,EXE
2024-04-10,87.54,EXE
2024-04-11,85.57,EXE
2024-04-12,86.17,EXE
2024-04-15,85.17,EXE
2024-04-16,84.88,EXE
2024-04-17,84.77,EXE
2024-04-18,84.93,EXE
2024-04-19,85.12,EXE
2024-04-22,85.99,EXE
2024-04-23,86.11,EXE
2024-04-24,88.21,EXE
2024-04-25,88.97,EXE
2024-04-26,89.54,EXE
2024-04-29,90.42,EXE
2024-04-30,87.42,EXE
2024-05-01,84.31,EXE
2024-05-02,84.42,EXE
2024-05-03,84.3,EXE
2024-05-06,86.64,EXE
2024-05-07,86.2,EXE
2024-05-08,85.95,EXE
2024-05-09,85.89,EXE
2024-05-10,84.74,EXE
2024-05-13,85.97,EXE
2024-05-14,88.33,EXE
2024-05-15,89.46,EXE
2024-05-16,89.32,EXE
2024-05-17,89.89,EXE
2024-05-20,89.8,EXE
2024-05-21,88.95,EXE
2024-05-22,87.99,EXE
2024-05-23,87.36,EXE
2024-05-24,87.96,EXE
2024-05-28,88.71,EXE
2024-05-29,87.58,EXE
2024-05-30,88.15,EXE
2024-05-31,89.15,EXE
2024-06-03,89.2,EXE
2024-06-04,86.82,EXE
2024-06-05,87.06,EXE
2024-06-06,86.58,EXE
2024-06-07,86.56,EXE
2024-06-10,87.19,EXE
2024-06-11,86.97,EXE
2024-06-12,85.46,EXE
2024-06-13,84.36,EXE
2024-06-14,83.47,EXE
2024-06-17,82.97,EXE
2024-06-18,82.3,EXE
2024-06-20,82.3,EXE
2024-06-21,80.8,EXE
2024-06-24,83.12,EXE
2024-06-25,81.98,EXE
2024-06-26,81.12,EXE
2024-06-27,80.7,EXE
2024-06-28,80.58,EXE
2024-07-01,80.88,EXE
2024-07-02,81.39,EXE
2024-07-03,81.99,EXE
2024-07-05,80.69,EXE
2024-07-08,80.98,EXE
2024-07-09,80.92,EXE
2024-07-10,81.39,EXE
2024-07-11,81.84,EXE
2024-07-12,81.84,EXE
2024-07-15,82.13,EXE
2024-07-16,81.2,EXE
2024-07-17,80.44,EXE
2024-07-18,79.74,EXE
2024-07-19,79.42,EXE
2024-07-22,79.76,EXE
2024-07-23,78.4,EXE
2024-07-24,76.14,EXE
2024-07-25,75.88,EXE
2024-07-26,76.26,EXE
2024-07-29,75.07,EXE
2024-07-30,74.74,EXE
2024-07-31,74.83,EXE
2024-08-01,73.57,EXE
2024-08-02,71.01,EXE
2024-08-05,69.7,EXE
2024-08-06,69.33,EXE
2024-08-07,70.11,EXE
2024-08-08,71.01,EXE
2024-08-09,71.1,EXE
2024-08-12,71.93,EXE
2024-08-13,70.83,EXE
2024-08-14,70.75,EXE
2024-08-15,72.2,EXE
2024-08-16,72.07,EXE
2024-08-19,73.31,EXE
2024-08-20,72.32,EXE
2024-08-21,71.52,EXE
2024-08-22,70.77,EXE
2024-08-23,72.58,EXE
2024-08-26,73.02,EXE
2024-08-27,72.12,EXE
2024-08-28,71.13,EXE
2024-08-29,73.12,EXE
2024-08-30,73.61,EXE
2024-09-03,71.34,EXE
2024-09-04,69.59,EXE
2024-09-05,71.15,EXE
2024-09-06,70.01,EXE
2024-09-09,69.48,EXE
2024-09-10,69.89,EXE
2024-09-11,71.5,EXE
2024-09-12,71.49,EXE
2024-09-13,72.36,EXE
2024-09-16,72.2,EXE
2024-09-17,72.48,EXE
2024-09-18,73.63,EXE
2024-09-19,75.67,EXE
2024-09-20,77.54,EXE
2024-09-23,79.32,EXE
2024-09-24,79.15,EXE
2024-09-25,77.32,EXE
2024-09-26,79.36,EXE
2024-09-27,81.63,EXE
2024-09-30,81.28,EXE
2024-10-01,80.5,EXE
2024-10-02,82.26,EXE
2024-10-03,84.21,EXE
2024-10-04,84.62,EXE
2024-10-07,84.44,EXE
2024-10-08,84.99,EXE
2024-10-09,86.01,EXE
2024-10-10,85.59,EXE
2024-10-11,86.36,EXE
2024-10-14,85.6,EXE
2024-10-15,84.78,EXE
2024-10-16,85.44,EXE
2024-10-17,86.54,EXE
2024-10-18,85.64,EXE
2024-10-21,84.74,EXE
2024-10-22,83.38,EXE
2024-10-23,82.31,EXE
2024-10-24,84.3,EXE
2024-10-25,83.79,EXE
2024-10-28,84.26,EXE
2024-10-29,84.72,EXE
2024-10-30,87.66,EXE
2024-10-31,83.72,EXE
2024-11-01,82.68,EXE
2024-11-04,84.83,EXE
2024-11-05,85.65,EXE
2024-11-06,91.27,EXE
2024-11-07,91.06,EXE
2024-11-08,91.4,EXE
2024-11-11,94.62,EXE
2024-11-12,94.46,EXE
2024-11-13,95.01,EXE
2024-11-14,94.64,EXE
2024-11-15,94.44,EXE
2024-11-18,95.86,EXE
2024-11-19,95.15,EXE
2024-11-20,97.69,EXE
2024-11-21,100.38,EXE
2024-11-22,98.85,EXE
2024-11-25,98.3,EXE
2024-11-26,98.32,EXE
2024-11-27,98.18,EXE
2024-11-29,98.39,EXE
2024-12-02,97.27,EXE
2024-12-03,97.41,EXE
2024-12-04,96.91,EXE
2024-12-05,96.17,EXE
2024-12-06,96.01,EXE
2024-12-09,96.57,EXE
2024-12-10,96.46,EXE
2024-12-11,99.02,EXE
2024-12-12,99.08,EXE
2024-12-13,97.96,EXE
2024-12-16,96.15,EXE
2024-12-17,96.19,EXE
2024-12-18,93.95,EXE
2024-12-19,93.77,EXE
2024-12-20,94.32,EXE
2024-12-23,96.07,EXE
2024-12-24,96.9,EXE
2024-12-26,95.64,EXE
2024-12-27,96.05,EXE
2024-12-30,99.26,EXE
2024-12-31,98.97,EXE
2025-01-02,100.63,EXE
2025-01-03,99.43,EXE
2025-01-06,100.91,EXE
2025-01-07,102.08,EXE
2025-01-08,102.32,EXE
2025-01-10,101.56,EXE
2025-01-13,101.62,EXE
2025-01-14,103.52,EXE
2025-01-15,104.63,EXE
2025-01-16,107.15,EXE
2025-01-17,105.74,EXE
2025-01-21,106.18,EXE
2025-01-22,106.44,EXE
2025-01-23,105.38,EXE
2025-01-24,105.38,EXE
2025-01-27,100.83,EXE
2025-01-28,101.54,EXE
2025-01-29,101.97,EXE
2025-01-30,102.12,EXE
2025-01-31,101.01,EXE
2025-02-03,102.27,EXE
2025-02-04,103.35,EXE
2025-02-05,104.48,EXE
2025-02-06,103.27,EXE
2025-02-07,102.4,EXE
2025-02-10,104.51,EXE
2025-02-11,105.17,EXE
2025-02-12,103.41,EXE
2025-02-13,104.42,EXE
2025-02-14,104.72,EXE
2025-02-18,105.77,EXE
2025-02-19,106.83,EXE
2025-02-20,105.53,EXE
2025-02-21,103.54,EXE
2025-02-24,103.3,EXE
2025-02-25,102.29,EXE
2025-02-26,101.84,EXE
2025-02-27,97.19,EXE
2025-02-28,98.31,EXE
2025-03-03,97.78,EXE
2025-03-04,100.12,EXE
2025-03-05,101.05,EXE
2025-03-06,95.68,EXE
2025-03-07,95.47,EXE
2025-03-10,98.51,EXE
2025-03-11,100.3,EXE
2025-03-12,100.82,EXE
2025-03-13,101.18,EXE
2025-03-14,102.6,EXE
2025-03-17,105.57,EXE
2025-03-18,107.0,EXE
2025-03-19,108.56,EXE
2025-03-20,109.25,EXE
2025-03-21,107.35,EXE
2025-03-24,109.1,EXE
2025-03-25,109.81,EXE
2025-03-26,109.94,EXE
2025-03-27,109.64,EXE
2025-03-28,110.94,EXE
2023-03-31,16.41,GEN
2023-04-03,16.41,GEN
2023-04-04,16.32,GEN
2023-04-05,16.46,GEN
2023-04-06,16.52,GEN
2023-04-10,16.55,GEN
2023-04-11,16.99,GEN
2023-04-12,16.84,GEN
2023-04-13,16.94,GEN
2023-04-14,16.8,GEN
2023-04-17,17.18,GEN
2023-04-18,17.09,GEN
2023-04-19,17.09,GEN
2023-04-20,16.86,GEN
2023-04-21,16.88,GEN
2023-04-24,16.77,GEN
2023-04-25,16.6,GEN
2023-04-26,16.46,GEN
2023-04-27,16.98,GEN
2023-04-28,16.9,GEN
2023-05-01,16.89,GEN
2023-05-02,16.19,GEN
2023-05-03,16.02,GEN
2023-05-04,15.73,GEN
2023-05-05,16.4,GEN
2023-05-08,16.31,GEN
2023-05-09,16.26,GEN
2023-05-10,16.49,GEN
2023-05-11,16.41,GEN
2023-05-12,15.51,GEN
2023-05-15,15.69,GEN
2023-05-16,14.79,GEN
2023-05-17,15.34,GEN
2023-05-18,15.42,GEN
2023-05-19,15.61,GEN
2023-05-22,16.44,GEN
2023-05-23,16.35,GEN
2023-05-24,16.23,GEN
2023-05-25,16.23,GEN
2023-05-26,16.49,GEN
2023-05-30,16.6,GEN
2023-05-31,16.91,GEN
2023-06-01,16.92,GEN
2023-06-02,17.34,GEN
2023-06-05,17.32,GEN
2023-06-06,17.47,GEN
2023-06-07,17.13,GEN
2023-06-08,17.14,GEN
2023-06-09,17.18,GEN
2023-06-12,17.65,GEN
2023-06-13,17.76,GEN
2023-06-14,17.69,GEN
2023-06-15,18.17,GEN
2023-06-16,17.96,GEN
2023-06-20,17.91,GEN
2023-06-21,17.57,GEN
2023-06-22,17.44,GEN
2023-06-23,17.07,GEN
2023-06-26,17.41,GEN
2023-06-27,17.79,GEN
2023-06-28,17.61,GEN
2023-06-29,17.76,GEN
2023-06-30,17.88,GEN
2023-07-03,17.78,GEN
2023-07-05,17.39,GEN
2023-07-06,17.27,GEN
2023-07-07,17.43,GEN
2023-07-10,17.71,GEN
2023-07-11,18.07,GEN
2023-07-12,18.15,GEN
2023-07-13,18.52,GEN
2023-07-14,18.32,GEN
2023-07-17,18.19,GEN
2023-07-18,18.52,GEN
2023-07-19,18.62,GEN
2023-07-20,18.4,GEN
2023-07-21,18.56,GEN
2023-07-24,18.61,GEN
2023-07-25,18.89,GEN
2023-07-26,19.03,GEN
2023-07-27,18.79,GEN
2023-07-28,18.78,GEN
2023-07-31,18.75,GEN
2023-08-01,18.61,GEN
2023-08-02,18.07,GEN
2023-08-03,17.95,GEN
2023-08-04,19.37,GEN
2023-08-07,20.36,GEN
2023-08-08,19.55,GEN
2023-08-09,20.1,GEN
2023-08-10,20.0,GEN
2023-08-11,20.11,GEN
2023-08-14,20.3,GEN
2023-08-15,20.04,GEN
2023-08-16,19.73,GEN
2023-08-17,19.43,GEN
2023-08-18,19.76,GEN
2023-08-21,20.16,GEN
2023-08-22,19.91,GEN
2023-08-23,20.08,GEN
2023-08-24,19.55,GEN
2023-08-25,19.59,GEN
2023-08-28,19.79,GEN
2023-08-29,19.92,GEN
2023-08-30,19.65,GEN
2023-08-31,19.64,GEN
2023-09-01,19.85,GEN
2023-09-05,19.99,GEN
2023-09-06,19.63,GEN
2023-09-07,19.4,GEN
2023-09-08,19.39,GEN
2023-09-11,18.73,GEN
2023-09-12,18.9,GEN
2023-09-13,18.45,GEN
2023-09-14,18.64,GEN
2023-09-15,18.47,GEN
2023-09-18,18.44,GEN
2023-09-19,18.43,GEN
2023-09-20,18.57,GEN
2023-09-21,18.41,GEN
2023-09-22,18.29,GEN
2023-09-25,18.14,GEN
2023-09-26,17.56,GEN
2023-09-27,17.36,GEN
2023-09-28,17.26,GEN
2023-09-29,17.15,GEN
2023-10-02,17.0,GEN
2023-10-03,16.84,GEN
2023-10-04,16.62,GEN
2023-10-05,16.48,GEN
2023-10-06,16.83,GEN
2023-10-09,16.8,GEN
2023-10-10,17.16,GEN
2023-10-11,17.2,GEN
2023-10-12,16.78,GEN
2023-10-13,16.6,GEN
2023-10-16,16.97,GEN
2023-10-17,17.17,GEN
2023-10-18,17.07,GEN
2023-10-19,16.87,GEN
2023-10-20,16.64,GEN
2023-10-23,16.37,GEN
2023-10-24,16.56,GEN
2023-10-25,16.0,GEN
2023-10-26,16.16,GEN
2023-10-27,16.01,GEN
2023-10-30,16.15,GEN
2023-10-31,16.16,GEN
2023-11-01,16.13,GEN
2023-11-02,16.65,GEN
2023-11-03,17.1,GEN
2023-11-06,16.92,GEN
2023-11-07,18.36,GEN
2023-11-08,18.74,GEN
2023-11-09,18.43,GEN
2023-11-10,18.7,GEN
2023-11-13,18.33,GEN
2023-11-14,19.05,GEN
2023-11-15,19.16,GEN
2023-11-16,19.78,GEN
2023-11-17,20.16,GEN
2023-11-20,20.29,GEN
2023-11-21,20.56,GEN
2023-11-22,20.68,GEN
2023-11-24,20.76,GEN
2023-11-27,20.81,GEN
2023-11-28,20.81,GEN
2023-11-29,21.24,GEN
2023-11-30,21.55,GEN
2023-12-01,21.8,GEN
2023-12-04,21.94,GEN
2023-12-05,21.71,GEN
2023-12-06,21.59,GEN
2023-12-07,21.73,GEN
2023-12-08,21.61,GEN
2023-12-11,21.68,GEN
2023-12-12,21.82,GEN
2023-12-13,21.98,GEN
2023-12-14,22.4,GEN
2023-12-15,22.62,GEN
2023-12-18,22.62,GEN
2023-12-19,22.73,GEN
2023-12-20,22.24,GEN
2023-12-21,22.62,GEN
2023-12-22,22.58,GEN
2023-12-26,22.66,GEN
2023-12-27,22.44,GEN
2023-12-28,22.42,GEN
2023-12-29,22.27,GEN
2024-01-02,22.24,GEN
2024-01-03,21.92,GEN
2024-01-04,21.79,GEN
2024-01-05,21.86,GEN
2024-01-08,22.24,GEN
2024-01-09,22.01,GEN
2024-01-10,22.27,GEN
2024-01-11,22.47,GEN
2024-01-12,22.53,GEN
2024-01-16,22.59,GEN
2024-01-17,22.27,GEN
2024-01-18,22.41,GEN
2024-01-19,22.91,GEN
2024-01-22,22.99,GEN
2024-01-23,23.0,GEN
2024-01-24,22.93,GEN
2024-01-25,23.26,GEN
2024-01-26,23.2,GEN
2024-01-29,23.6,GEN
2024-01-30,23.39,GEN
2024-01-31,22.91,GEN
2024-02-01,23.34,GEN
2024-02-02,20.72,GEN
2024-02-05,20.58,GEN
2024-02-06,20.09,GEN
2024-02-07,20.4,GEN
2024-02-08,20.37,GEN
2024-02-09,20.83,GEN
2024-02-12,21.37,GEN
2024-02-13,20.84,GEN
2024-02-14,20.8,GEN
2024-02-15,21.0,GEN
2024-02-16,20.97,GEN
2024-02-20,21.3,GEN
2024-02-21,21.15,GEN
2024-02-22,21.35,GEN
2024-02-23,21.73,GEN
2024-02-26,21.1,GEN
2024-02-27,21.03,GEN
2024-02-28,21.01,GEN
2024-02-29,21.09,GEN
2024-03-01,21.43,GEN
2024-03-04,21.3,GEN
2024-03-05,20.79,GEN
2024-03-06,21.07,GEN
2024-03-07,21.49,GEN
2024-03-08,21.66,GEN
2024-03-11,21.48,GEN
2024-03-12,21.75,GEN
2024-03-13,21.7,GEN
2024-03-14,21.18,GEN
2024-03-15,20.87,GEN
2024-03-18,20.82,GEN
2024-03-19,21.02,GEN
2024-03-20,21.19,GEN
2024-03-21,21.73,GEN
2024-03-22,21.69,GEN
2024-03-25,21.35,GEN
2024-03-26,21.5,GEN
2024-03-27,21.69,GEN
2024-03-28,21.99,GEN
2024-04-01,21.9,GEN
2024-04-02,21.65,GEN
2024-04-03,21.65,GEN
2024-04-04,21.62,GEN
2024-04-05,21.74,GEN
2024-04-08,21.86,GEN
2024-04-09,22.24,GEN
2024-04-10,21.93,GEN
2024-04-11,20.6,GEN
2024-04-12,20.54,GEN
2024-04-15,20.22,GEN
2024-04-16,20.06,GEN
2024-04-17,19.99,GEN
2024-04-18,20.0,GEN
2024-04-19,20.12,GEN
2024-04-22,20.11,GEN
2024-04-23,20.3,GEN
2024-04-24,20.45,GEN
2024-04-25,20.17,GEN
2024-04-26,20.25,GEN
2024-04-29,20.38,GEN
2024-04-30,19.77,GEN
2024-05-01,19.58,GEN
2024-05-02,19.32,GEN
2024-05-03,19.66,GEN
2024-05-06,19.34,GEN
2024-05-07,19.59,GEN
2024-05-08,19.65,GEN
2024-05-09,19.97,GEN
2024-05-10,23.03,GEN
2024-05-13,23.56,GEN
2024-05-14,24.09,GEN
2024-05-15,24.59,GEN
2024-05-16,24.94,GEN
2024-05-17,24.69,GEN
2024-05-20,24.14,GEN
2024-05-21,24.71,GEN
2024-05-22,24.66,GEN
2024-05-23,24.34,GEN
2024-05-24,24.55,GEN
2024-05-28,24.47,GEN
2024-05-29,24.17,GEN
2024-05-30,24.25,GEN
2024-05-31,24.49,GEN
2024-06-03,24.47,GEN
2024-06-04,24.48,GEN
2024-06-05,25.11,GEN
2024-06-06,25.09,GEN
2024-06-07,24.38,GEN
2024-06-10,24.15,GEN
2024-06-11,24.03,GEN
2024-06-12,24.55,GEN
2024-06-13,24.16,GEN
2024-06-14,24.06,GEN
2024-06-17,23.37,GEN
2024-06-18,23.24,GEN
2024-06-20,23.44,GEN
2024-06-21,23.89,GEN
2024-06-24,23.75,GEN
2024-06-25,23.84,GEN
2024-06-26,23.86,GEN
2024-06-27,24.29,GEN
2024-06-28,24.64,GEN
2024-07-01,24.55,GEN
2024-07-02,24.62,GEN
2024-07-03,24.35,GEN
2024-07-05,24.31,GEN
2024-07-08,24.22,GEN
2024-07-09,23.8,GEN
2024-07-10,24.27,GEN
2024-07-11,24.66,GEN
2024-07-12,25.16,GEN
2024-07-15,25.02,GEN
2024-07-16,25.23,GEN
2024-07-17,25.43,GEN
2024-07-18,25.23,GEN
2024-07-19,25.13,GEN
2024-07-22,25.18,GEN
2024-07-23,24.95,GEN
2024-07-24,24.86,GEN
2024-07-25,24.87,GEN
2024-07-26,25.74,GEN
2024-07-29,25.71,GEN
2024-07-30,25.42,GEN
2024-07-31,25.64,GEN
2024-08-01,24.9,GEN
2024-08-02,24.82,GEN
2024-08-05,24.3,GEN
2024-08-06,24.09,GEN
2024-08-07,23.93,GEN
2024-08-08,24.4,GEN
2024-08-09,24.56,GEN
2024-08-12,24.29,GEN
2024-08-13,24.54,GEN
2024-08-14,24.6,GEN
2024-08-15,24.54,GEN
2024-08-16,24.93,GEN
2024-08-19,25.26,GEN
2024-08-20,25.09,GEN
2024-08-21,25.53,GEN
2024-08-22,25.07,GEN
2024-08-23,25.5,GEN
2024-08-26,25.91,GEN
2024-08-27,26.12,GEN
2024-08-28,25.99,GEN
2024-08-29,26.19,GEN
2024-08-30,26.23,GEN
2024-09-03,25.85,GEN
2024-09-04,25.92,GEN
2024-09-05,25.72,GEN
2024-09-06,25.16,GEN
2024-09-09,25.5,GEN
2024-09-10,25.68,GEN
2024-09-11,25.79,GEN
2024-09-12,26.02,GEN
2024-09-13,26.26,GEN
2024-09-16,26.39,GEN
2024-09-17,26.23,GEN
2024-09-18,26.35,GEN
2024-09-19,26.64,GEN
2024-09-20,26.25,GEN
2024-09-23,26.58,GEN
2024-09-24,26.96,GEN
2024-09-25,26.51,GEN
2024-09-26,26.93,GEN
2024-09-27,27.23,GEN
2024-09-30,27.19,GEN
2024-10-01,26.95,GEN
2024-10-02,26.77,GEN
2024-10-03,26.74,GEN
2024-10-04,27.25,GEN
2024-10-07,27.05,GEN
2024-10-08,27.17,GEN
2024-10-09,27.35,GEN
2024-10-10,27.46,GEN
2024-10-11,27.51,GEN
2024-10-14,27.77,GEN
2024-10-15,27.87,GEN
2024-10-16,27.93,GEN
2024-10-17,27.82,GEN
2024-10-18,26.96,GEN
2024-10-21,26.57,GEN
2024-10-22,26.88,GEN
2024-10-23,26.57,GEN
2024-10-24,26.79,GEN
2024-10-25,26.74,GEN
2024-10-28,26.8,GEN
2024-10-29,26.88,GEN
2024-10-30,26.68,GEN
2024-10-31,28.86,GEN
2024-11-01,28.02,GEN
2024-11-04,28.0,GEN
2024-11-05,28.28,GEN
2024-11-06,28.87,GEN
2024-11-07,29.29,GEN
2024-11-08,29.27,GEN
2024-11-11,30.11,GEN
2024-11-12,30.27,GEN
2024-11-13,30.25,GEN
2024-11-14,29.78,GEN
2024-11-15,29.32,GEN
2024-11-18,29.15,GEN
2024-11-19,29.11,GEN
2024-11-20,29.31,GEN
2024-11-21,29.68,GEN
2024-11-22,30.06,GEN
2024-11-25,30.48,GEN
2024-11-26,30.76,GEN
2024-11-27,30.7,GEN
2024-11-29,30.71,GEN
2024-12-02,30.79,GEN
2024-12-03,30.7,GEN
2024-12-04,31.56,GEN
2024-12-05,31.11,GEN
2024-12-06,31.01,GEN
2024-12-09,30.34,GEN
2024-12-10,29.69,GEN
2024-12-11,29.79,GEN
2024-12-12,29.89,GEN
2024-12-13,29.73,GEN
2024-12-16,29.6,GEN
2024-12-17,29.25,GEN
2024-12-18,27.61,GEN
2024-12-19,27.33,GEN
2024-12-20,27.71,GEN
2024-12-23,27.57,GEN
2024-12-24,27.73,GEN
2024-12-26,27.74,GEN
2024-12-27,27.53,GEN
2024-12-30,27.26,GEN
2024-12-31,27.26,GEN
2025-01-02,27.36,GEN
2025-01-03,27.38,GEN
2025-01-06,27.31,GEN
2025-01-07,26.86,GEN
2025-01-08,26.99,GEN
2025-01-10,26.78,GEN
2025-01-13,26.73,GEN
2025-01-14,27.02,GEN
2025-01-15,27.45,GEN
2025-01-16,27.2,GEN
2025-01-17,27.4,GEN
2025-01-21,27.2,GEN
2025-01-22,27.36,GEN
2025-01-23,27.37,GEN
2025-01-24,27.32,GEN
2025-01-27,27.37,GEN
2025-01-28,27.68,GEN
2025-01-29,27.51,GEN
2025-01-30,27.77,GEN
2025-01-31,26.79,GEN
2025-02-03,26.88,GEN
2025-02-04,26.92,GEN
2025-02-05,27.39,GEN
2025-02-06,27.6,GEN
2025-02-07,27.51,GEN
2025-02-10,27.99,GEN
2025-02-11,27.73,GEN
2025-02-12,27.31,GEN
2025-02-13,27.9,GEN
2025-02-14,27.72,GEN
2025-02-18,27.62,GEN
2025-02-19,27.5,GEN
2025-02-20,27.32,GEN
2025-02-21,27.05,GEN
2025-02-24,27.35,GEN
2025-02-25,27.55,GEN
2025-02-26,27.49,GEN
2025-02-27,27.28,GEN
2025-02-28,27.33,GEN
2025-03-03,27.64,GEN
2025-03-04,27.26,GEN
2025-03-05,27.55,GEN
2025-03-06,27.33,GEN
2025-03-07,28.21,GEN
2025-03-10,27.69,GEN
2025-03-11,27.05,GEN
2025-03-12,26.7,GEN
2025-03-13,26.33,GEN
2025-03-14,27.03,GEN
2025-03-17,27.85,GEN
2025-03-18,27.8,GEN
2025-03-19,27.9,GEN
2025-03-20,27.56,GEN
2025-03-21,27.18,GEN
2025-03-24,27.62,GEN
2025-03-25,27.66,GEN
2025-03-26,27.53,GEN
2025-03-27,27.35,GEN
2025-03-28,26.43,GEN
2023-03-31,146.81,JKHY
2023-04-03,146.68,JKHY
2023-04-04,144.95,JKHY
2023-04-05,143.35,JKHY
2023-04-06,144.75,JKHY
2023-04-10,144.86,JKHY
2023-04-11,149.41,JKHY
2023-04-12,147.67,JKHY
2023-04-13,154.2,JKHY
2023-04-14,149.96,JKHY
2023-04-17,152.91,JKHY
2023-04-18,150.57,JKHY
2023-04-19,149.99,JKHY
2023-04-20,151.89,JKHY
2023-04-21,153.1,JKHY
2023-04-24,154.4,JKHY
2023-04-25,151.88,JKHY
2023-04-26,150.75,JKHY
2023-04-27,155.53,JKHY
2023-04-28,159.1,JKHY
2023-05-01,158.9,JKHY
2023-05-02,155.81,JKHY
2023-05-03,153.87,JKHY
2023-05-04,144.26,JKHY
2023-05-05,148.96,JKHY
2023-05-08,150.2,JKHY
2023-05-09,148.27,JKHY
2023-05-10,149.32,JKHY
2023-05-11,150.96,JKHY
2023-05-12,151.77,JKHY
2023-05-15,150.73,JKHY
2023-05-16,144.05,JKHY
2023-05-17,144.39,JKHY
2023-05-18,146.79,JKHY
2023-05-19,144.94,JKHY
2023-05-22,146.87,JKHY
2023-05-23,145.02,JKHY
2023-05-24,142.38,JKHY
2023-05-25,144.98,JKHY
2023-05-26,145.22,JKHY
2023-05-30,145.22,JKHY
2023-05-31,149.45,JKHY
2023-06-01,147.77,JKHY
2023-06-02,149.31,JKHY
2023-06-05,151.74,JKHY
2023-06-06,151.91,JKHY
2023-06-07,152.7,JKHY
2023-06-08,152.45,JKHY
2023-06-09,154.34,JKHY
2023-06-12,155.53,JKHY
2023-06-13,155.03,JKHY
2023-06-14,157.27,JKHY
2023-06-15,161.65,JKHY
2023-06-16,159.86,JKHY
2023-06-20,160.08,JKHY
2023-06-21,160.58,JKHY
2023-06-22,158.61,JKHY
2023-06-23,159.14,JKHY
2023-06-26,160.0,JKHY
2023-06-27,160.96,JKHY
2023-06-28,160.56,JKHY
2023-06-29,162.74,JKHY
2023-06-30,163.57,JKHY
2023-07-03,164.46,JKHY
2023-07-05,162.84,JKHY
2023-07-06,159.79,JKHY
2023-07-07,159.35,JKHY
2023-07-10,159.55,JKHY
2023-07-11,161.12,JKHY
2023-07-12,161.56,JKHY
2023-07-13,162.71,JKHY
2023-07-14,163.0,JKHY
2023-07-17,164.54,JKHY
2023-07-18,166.25,JKHY
2023-07-19,168.88,JKHY
2023-07-20,168.06,JKHY
2023-07-21,167.75,JKHY
2023-07-24,169.39,JKHY
2023-07-25,169.52,JKHY
2023-07-26,167.03,JKHY
2023-07-27,165.69,JKHY
2023-07-28,164.44,JKHY
2023-07-31,163.8,JKHY
2023-08-01,167.77,JKHY
2023-08-02,166.03,JKHY
2023-08-03,167.31,JKHY
2023-08-04,165.24,JKHY
2023-08-07,168.13,JKHY
2023-08-08,166.69,JKHY
2023-08-09,168.04,JKHY
2023-08-10,167.95,JKHY
2023-08-11,167.84,JKHY
2023-08-14,168.09,JKHY
2023-08-15,164.53,JKHY
2023-08-16,152.95,JKHY
2023-08-17,151.36,JKHY
2023-08-18,151.54,JKHY
2023-08-21,151.64,JKHY
2023-08-22,153.1,JKHY
2023-08-23,153.01,JKHY
2023-08-24,154.33,JKHY
2023-08-25,154.81,JKHY
2023-08-28,155.11,JKHY
2023-08-29,153.97,JKHY
2023-08-30,156.16,JKHY
2023-08-31,153.26,JKHY
2023-09-01,154.53,JKHY
2023-09-05,152.6,JKHY
2023-09-06,150.24,JKHY
2023-09-07,148.09,JKHY
2023-09-08,148.5,JKHY
2023-09-11,148.48,JKHY
2023-09-12,150.07,JKHY
2023-09-13,148.58,JKHY
2023-09-14,149.82,JKHY
2023-09-15,151.53,JKHY
2023-09-18,152.22,JKHY
2023-09-19,149.76,JKHY
2023-09-20,149.95,JKHY
2023-09-21,145.76,JKHY
2023-09-22,145.06,JKHY
2023-09-25,144.91,JKHY
2023-09-26,144.71,JKHY
2023-09-27,145.6,JKHY
2023-09-28,148.76,JKHY
2023-09-29,148.24,JKHY
2023-10-02,147.0,JKHY
2023-10-03,143.83,JKHY
2023-10-04,144.67,JKHY
2023-10-05,145.73,JKHY
2023-10-06,146.12,JKHY
2023-10-09,144.97,JKHY
2023-10-10,145.97,JKHY
2023-10-11,144.36,JKHY
2023-10-12,141.69,JKHY
2023-10-13,142.64,JKHY
2023-10-16,145.07,JKHY
2023-10-17,146.17,JKHY
2023-10-18,144.26,JKHY
2023-10-19,142.82,JKHY
2023-10-20,140.38,JKHY
2023-10-23,140.36,JKHY
2023-10-24,140.81,JKHY
2023-10-25,139.24,JKHY
2023-10-26,137.64,JKHY
2023-10-27,135.45,JKHY
2023-10-30,137.11,JKHY
2023-10-31,138.29,JKHY
2023-11-01,137.66,JKHY
2023-11-02,139.21,JKHY
2023-11-03,142.07,JKHY
2023-11-06,142.57,JKHY
2023-11-07,140.68,JKHY
2023-11-08,147.07,JKHY
2023-11-09,146.35,JKHY
2023-11-10,145.15,JKHY
2023-11-13,147.44,JKHY
2023-11-14,150.21,JKHY
2023-11-15,150.89,JKHY
2023-11-16,150.47,JKHY
2023-11-17,149.38,JKHY
2023-11-20,150.73,JKHY
2023-11-21,149.99,JKHY
2023-11-22,150.16,JKHY
2023-11-24,150.85,JKHY
2023-11-27,151.04,JKHY
2023-11-28,152.17,JKHY
2023-11-29,153.02,JKHY
2023-11-30,156.17,JKHY
2023-12-01,158.24,JKHY
2023-12-04,160.1,JKHY
2023-12-05,158.77,JKHY
2023-12-06,162.77,JKHY
2023-12-07,162.53,JKHY
2023-12-08,162.07,JKHY
2023-12-11,161.77,JKHY
2023-12-12,163.48,JKHY
2023-12-13,165.5,JKHY
2023-12-14,164.25,JKHY
2023-12-15,161.75,JKHY
2023-12-18,163.64,JKHY
2023-12-19,162.63,JKHY
2023-12-20,160.23,JKHY
2023-12-21,160.68,JKHY
2023-12-22,162.46,JKHY
2023-12-26,162.93,JKHY
2023-12-27,160.65,JKHY
2023-12-28,161.28,JKHY
2023-12-29,160.81,JKHY
2024-01-02,162.04,JKHY
2024-01-03,160.83,JKHY
2024-01-04,164.02,JKHY
2024-01-05,164.07,JKHY
2024-01-08,167.0,JKHY
2024-01-09,164.53,JKHY
2024-01-10,164.95,JKHY
2024-01-11,164.61,JKHY
2024-01-12,164.93,JKHY
2024-01-16,162.56,JKHY
2024-01-17,163.13,JKHY
2024-01-18,162.91,JKHY
2024-01-19,163.75,JKHY
2024-01-22,166.13,JKHY
2024-01-23,165.38,JKHY
2024-01-24,163.98,JKHY
2024-01-25,165.62,JKHY
2024-01-26,166.88,JKHY
2024-01-29,166.85,JKHY
2024-01-30,166.76,JKHY
2024-01-31,163.2,JKHY
2024-02-01,164.02,JKHY
2024-02-02,163.01,JKHY
2024-02-05,160.65,JKHY
2024-02-06,161.31,JKHY
2024-02-07,166.49,JKHY
2024-02-08,171.29,JKHY
2024-02-09,173.14,JKHY
2024-02-12,172.92,JKHY
2024-02-13,169.87,JKHY
2024-02-14,172.48,JKHY
2024-02-15,171.32,JKHY
2024-02-16,169.74,JKHY
2024-02-20,170.35,JKHY
2024-02-21,169.4,JKHY
2024-02-22,170.88,JKHY
2024-02-23,173.16,JKHY
2024-02-26,171.65,JKHY
2024-02-27,172.41,JKHY
2024-02-28,170.58,JKHY
2024-02-29,171.01,JKHY
2024-03-01,169.23,JKHY
2024-03-04,170.79,JKHY
2024-03-05,169.78,JKHY
2024-03-06,171.55,JKHY
2024-03-07,171.56,JKHY
2024-03-08,172.42,JKHY
2024-03-11,171.3,JKHY
2024-03-12,169.63,JKHY
2024-03-13,170.15,JKHY
2024-03-14,168.63,JKHY
2024-03-15,168.77,JKHY
2024-03-18,168.22,JKHY
2024-03-19,168.87,JKHY
2024-03-20,169.31,JKHY
2024-03-21,169.67,JKHY
2024-03-22,166.79,JKHY
2024-03-25,163.63,JKHY
2024-03-26,164.27,JKHY
2024-03-27,170.06,JKHY
2024-03-28,171.51,JKHY
2024-04-01,168.28,JKHY
2024-04-02,168.12,JKHY
2024-04-03,168.09,JKHY
2024-04-04,167.25,JKHY
2024-04-05,167.86,JKHY
2024-04-08,169.38,JKHY
2024-04-09,171.95,JKHY
2024-04-10,168.28,JKHY
2024-04-11,167.88,JKHY
2024-04-12,165.43,JKHY
2024-04-15,162.93,JKHY
2024-04-16,161.66,JKHY
2024-04-17,162.57,JKHY
2024-04-18,162.67,JKHY
2024-04-19,163.49,JKHY
2024-04-22,162.74,JKHY
2024-04-23,164.35,JKHY
2024-04-24,163.09,JKHY
2024-04-25,163.77,JKHY
2024-04-26,162.77,JKHY
2024-04-29,164.0,JKHY
2024-04-30,160.61,JKHY
2024-05-01,160.44,JKHY
2024-05-02,160.44,JKHY
2024-05-03,162.08,JKHY
2024-05-06,162.85,JKHY
2024-05-07,163.53,JKHY
2024-05-08,163.48,JKHY
2024-05-09,166.88,JKHY
2024-05-10,167.08,JKHY
2024-05-13,165.58,JKHY
2024-05-14,163.57,JKHY
2024-05-15,165.69,JKHY
2024-05-16,167.22,JKHY
2024-05-17,166.83,JKHY
2024-05-20,167.29,JKHY
2024-05-21,166.92,JKHY
2024-05-22,167.46,JKHY
2024-05-23,166.18,JKHY
2024-05-24,167.0,JKHY
2024-05-28,161.02,JKHY
2024-05-29,159.99,JKHY
2024-05-30,159.61,JKHY
2024-05-31,163.11,JKHY
2024-06-03,161.7,JKHY
2024-06-04,160.16,JKHY
2024-06-05,162.81,JKHY
2024-06-06,162.98,JKHY
2024-06-07,163.21,JKHY
2024-06-10,162.49,JKHY
2024-06-11,159.99,JKHY
2024-06-12,158.68,JKHY
2024-06-13,157.04,JKHY
2024-06-14,160.03,JKHY
2024-06-17,163.47,JKHY
2024-06-18,160.66,JKHY
2024-06-20,164.3,JKHY
2024-06-21,165.15,JKHY
2024-06-24,164.84,JKHY
2024-06-25,164.77,JKHY
2024-06-26,165.52,JKHY
2024-06-27,165.13,JKHY
2024-06-28,164.44,JKHY
2024-07-01,161.93,JKHY
2024-07-02,162.2,JKHY
2024-07-03,162.09,JKHY
2024-07-05,161.51,JKHY
2024-07-08,162.77,JKHY
2024-07-09,161.33,JKHY
2024-07-10,159.34,JKHY
2024-07-11,162.58,JKHY
2024-07-12,164.7,JKHY
2024-07-15,165.77,JKHY
2024-07-16,168.12,JKHY
2024-07-17,168.12,JKHY
2024-07-18,166.45,JKHY
2024-07-19,164.52,JKHY
2024-07-22,167.33,JKHY
2024-07-23,165.48,JKHY
2024-07-24,166.33,JKHY
2024-07-25,165.88,JKHY
2024-07-26,168.71,JKHY
2024-07-29,168.55,JKHY
2024-07-30,170.77,JKHY
2024-07-31,169.85,JKHY
2024-08-01,167.46,JKHY
2024-08-02,168.59,JKHY
2024-08-05,162.24,JKHY
2024-08-06,164.92,JKHY
2024-08-07,164.43,JKHY
2024-08-08,165.75,JKHY
2024-08-09,164.85,JKHY
2024-08-12,161.16,JKHY
2024-08-13,163.59,JKHY
2024-08-14,163.22,JKHY
2024-08-15,163.2,JKHY
2024-08-16,163.5,JKHY
2024-08-19,162.53,JKHY
2024-08-20,163.97,JKHY
2024-08-21,163.87,JKHY
2024-08-22,162.23,JKHY
2024-08-23,163.06,JKHY
2024-08-26,167.23,JKHY
2024-08-27,169.76,JKHY
2024-08-28,172.1,JKHY
2024-08-29,170.25,JKHY
2024-08-30,171.38,JKHY
2024-09-03,173.41,JKHY
2024-09-04,172.43,JKHY
2024-09-05,171.56,JKHY
2024-09-06,168.56,JKHY
2024-09-09,170.8,JKHY
2024-09-10,173.92,JKHY
2024-09-11,172.9,JKHY
2024-09-12,174.42,JKHY
2024-09-13,174.95,JKHY
2024-09-16,175.93,JKHY
2024-09-17,174.57,JKHY
2024-09-18,173.1,JKHY
2024-09-19,174.48,JKHY
2024-09-20,172.48,JKHY
2024-09-23,173.74,JKHY
2024-09-24,172.6,JKHY
2024-09-25,169.19,JKHY
2024-09-26,173.03,JKHY
2024-09-27,174.87,JKHY
2024-09-30,175.41,JKHY
2024-10-01,178.55,JKHY
2024-10-02,178.41,JKHY
2024-10-03,182.41,JKHY
2024-10-04,180.98,JKHY
2024-10-07,178.66,JKHY
2024-10-08,180.13,JKHY
2024-10-09,181.29,JKHY
2024-10-10,180.42,JKHY
2024-10-11,182.21,JKHY
2024-10-14,183.11,JKHY
2024-10-15,183.53,JKHY
2024-10-16,184.49,JKHY
2024-10-17,184.79,JKHY
2024-10-18,184.93,JKHY
2024-10-21,183.79,JKHY
2024-10-22,182.11,JKHY
2024-10-23,183.24,JKHY
2024-10-24,183.41,JKHY
2024-10-25,181.28,JKHY
2024-10-28,182.4,JKHY
2024-10-29,181.5,JKHY
2024-10-30,181.61,JKHY
2024-10-31,180.77,JKHY
2024-11-01,181.89,JKHY
2024-11-04,183.14,JKHY
2024-11-05,184.34,JKHY
2024-11-06,179.25,JKHY
2024-11-07,178.82,JKHY
2024-11-08,178.62,JKHY
2024-11-11,175.93,JKHY
2024-11-12,175.98,JKHY
2024-11-13,173.83,JKHY
2024-11-14,171.35,JKHY
2024-11-15,172.11,JKHY
2024-11-18,170.96,JKHY
2024-11-19,170.54,JKHY
2024-11-20,170.03,JKHY
2024-11-21,171.4,JKHY
2024-11-22,171.4,JKHY
2024-11-25,171.29,JKHY
2024-11-26,172.0,JKHY
2024-11-27,172.85,JKHY
2024-11-29,175.06,JKHY
2024-12-02,175.09,JKHY
2024-12-03,174.76,JKHY
2024-12-04,171.8,JKHY
2024-12-05,173.04,JKHY
2024-12-06,172.45,JKHY
2024-12-09,174.23,JKHY
2024-12-10,176.69,JKHY
2024-12-11,178.27,JKHY
2024-12-12,179.96,JKHY
2024-12-13,179.21,JKHY
2024-12-16,177.5,JKHY
2024-12-17,177.09,JKHY
2024-12-18,175.92,JKHY
2024-12-19,175.42,JKHY
2024-12-20,176.16,JKHY
2024-12-23,175.07,JKHY
2024-12-24,176.47,JKHY
2024-12-26,176.93,JKHY
2024-12-27,176.3,JKHY
2024-12-30,174.51,JKHY
2024-12-31,174.73,JKHY
2025-01-02,172.41,JKHY
2025-01-03,173.13,JKHY
2025-01-06,169.08,JKHY
2025-01-07,170.78,JKHY
2025-01-08,172.88,JKHY
2025-01-10,171.44,JKHY
2025-01-13,172.68,JKHY
2025-01-14,171.81,JKHY
2025-01-15,171.41,JKHY
2025-01-16,171.94,JKHY
2025-01-17,172.59,JKHY
2025-01-21,174.18,JKHY
2025-01-22,172.97,JKHY
2025-01-23,173.55,JKHY
2025-01-24,173.31,JKHY
2025-01-27,177.02,JKHY
2025-01-28,174.58,JKHY
2025-01-29,172.35,JKHY
2025-01-30,173.77,JKHY
2025-01-31,173.52,JKHY
2025-02-03,174.21,JKHY
2025-02-04,173.51,JKHY
2025-02-05,172.22,JKHY
2025-02-06,173.3,JKHY
2025-02-07,173.24,JKHY
2025-02-10,173.09,JKHY
2025-02-11,170.41,JKHY
2025-02-12,169.63,JKHY
2025-02-13,169.91,JKHY
2025-02-14,165.93,JKHY
2025-02-18,167.25,JKHY
2025-02-19,166.81,JKHY
2025-02-20,168.15,JKHY
2025-02-21,170.57,JKHY
2025-02-24,172.05,JKHY
2025-02-25,173.48,JKHY
2025-02-26,171.2,JKHY
2025-02-27,171.31,JKHY
2025-02-28,173.02,JKHY
2025-03-03,177.42,JKHY
2025-03-04,176.44,JKHY
2025-03-05,177.05,JKHY
2025-03-06,183.51,JKHY
2025-03-07,191.28,JKHY
2025-03-10,190.15,JKHY
2025-03-11,176.69,JKHY
2025-03-12,173.14,JKHY
2025-03-13,175.32,JKHY
2025-03-14,175.83,JKHY
2025-03-17,177.19,JKHY
2025-03-18,176.7,JKHY
2025-03-19,177.17,JKHY
2025-03-20,175.3,JKHY
2025-03-21,173.05,JKHY
2025-03-24,172.82,JKHY
2025-03-25,174.78,JKHY
2025-03-26,179.39,JKHY
2025-03-27,179.32,JKHY
2025-03-28,178.59,JKHY
2023-03-31,11.1,KEY
2023-04-03,10.97,KEY
2023-04-04,10.4,KEY
2023-04-05,10.25,KEY
2023-04-06,10.56,KEY
2023-04-10,10.74,KEY
2023-04-11,10.86,KEY
2023-04-12,10.68,KEY
2023-04-13,10.89,KEY
2023-04-14,10.72,KEY
2023-04-17,10.91,KEY
2023-04-18,10.72,KEY
2023-04-19,10.97,KEY
2023-04-20,10.67,KEY
2023-04-21,10.27,KEY
2023-04-24,9.87,KEY
2023-04-25,9.29,KEY
2023-04-26,9.36,KEY
2023-04-27,9.71,KEY
2023-04-28,9.98,KEY
2023-05-01,9.5,KEY
2023-05-02,8.61,KEY
2023-05-03,8.45,KEY
2023-05-04,7.92,KEY
2023-05-05,8.71,KEY
2023-05-08,8.58,KEY
2023-05-09,8.62,KEY
2023-05-10,8.26,KEY
2023-05-11,8.06,KEY
2023-05-12,7.97,KEY
2023-05-15,8.5,KEY
2023-05-16,8.31,KEY
2023-05-17,9.02,KEY
2023-05-18,8.91,KEY
2023-05-19,8.7,KEY
2023-05-22,9.11,KEY
2023-05-23,9.27,KEY
2023-05-24,9.04,KEY
2023-05-25,8.96,KEY
2023-05-26,8.95,KEY
2023-05-30,8.98,KEY
2023-05-31,8.45,KEY
2023-06-01,8.7,KEY
2023-06-02,9.3,KEY
2023-06-05,9.17,KEY
2023-06-06,9.61,KEY
2023-06-07,9.97,KEY
2023-06-08,9.93,KEY
2023-06-09,9.66,KEY
2023-06-12,9.25,KEY
2023-06-13,9.48,KEY
2023-06-14,8.97,KEY
2023-06-15,9.12,KEY
2023-06-16,8.98,KEY
2023-06-20,8.91,KEY
2023-06-21,8.9,KEY
2023-06-22,8.65,KEY
2023-06-23,8.46,KEY
2023-06-26,8.46,KEY
2023-06-27,8.59,KEY
2023-06-28,8.42,KEY
2023-06-29,8.44,KEY
2023-06-30,8.36,KEY
2023-07-03,8.66,KEY
2023-07-05,8.61,KEY
2023-07-06,8.53,KEY
2023-07-07,8.68,KEY
2023-07-10,8.6,KEY
2023-07-11,8.98,KEY
2023-07-12,9.26,KEY
2023-07-13,9.6,KEY
2023-07-14,9.19,KEY
2023-07-17,9.31,KEY
2023-07-18,9.69,KEY
2023-07-19,10.32,KEY
2023-07-20,10.75,KEY
2023-07-21,10.34,KEY
2023-07-24,10.76,KEY
2023-07-25,10.51,KEY
2023-07-26,11.24,KEY
2023-07-27,11.09,KEY
2023-07-28,11.37,KEY
2023-07-31,11.14,KEY
2023-08-01,10.85,KEY
2023-08-02,10.77,KEY
2023-08-03,10.89,KEY
2023-08-04,10.79,KEY
2023-08-07,10.9,KEY
2023-08-08,10.8,KEY
2023-08-09,10.41,KEY
2023-08-10,10.46,KEY
2023-08-11,10.46,KEY
2023-08-14,9.97,KEY
2023-08-15,9.63,KEY
2023-08-16,9.53,KEY
2023-08-17,9.75,KEY
2023-08-18,9.8,KEY
2023-08-21,9.85,KEY
2023-08-22,9.45,KEY
2023-08-23,9.73,KEY
2023-08-24,9.84,KEY
2023-08-25,9.84,KEY
2023-08-28,10.05,KEY
2023-08-29,10.34,KEY
2023-08-30,10.26,KEY
2023-08-31,10.45,KEY
2023-09-01,10.66,KEY
2023-09-05,10.58,KEY
2023-09-06,10.23,KEY
2023-09-07,10.04,KEY
2023-09-08,10.37,KEY
2023-09-11,10.34,KEY
2023-09-12,10.85,KEY
2023-09-13,10.54,KEY
2023-09-14,10.74,KEY
2023-09-15,10.81,KEY
2023-09-18,10.49,KEY
2023-09-19,10.36,KEY
2023-09-20,10.18,KEY
2023-09-21,9.89,KEY
2023-09-22,9.78,KEY
2023-09-25,9.8,KEY
2023-09-26,9.62,KEY
2023-09-27,9.5,KEY
2023-09-28,9.7,KEY
2023-09-29,9.92,KEY
2023-10-02,9.64,KEY
2023-10-03,9.29,KEY
2023-10-04,9.45,KEY
2023-10-05,9.5,KEY
2023-10-06,9.42,KEY
2023-10-09,9.42,KEY
2023-10-10,9.65,KEY
2023-10-11,9.74,KEY
2023-10-12,9.7,KEY
2023-10-13,9.65,KEY
2023-10-16,9.89,KEY
2023-10-17,10.22,KEY
2023-10-18,9.85,KEY
2023-10-19,9.74,KEY
2023-10-20,9.12,KEY
2023-10-23,9.13,KEY
2023-10-24,9.05,KEY
2023-10-25,9.05,KEY
2023-10-26,9.38,KEY
2023-10-27,9.15,KEY
2023-10-30,9.3,KEY
2023-10-31,9.42,KEY
2023-11-01,9.36,KEY
2023-11-02,10.13,KEY
2023-11-03,10.5,KEY
2023-11-06,10.39,KEY
2023-11-07,10.42,KEY
2023-11-08,10.4,KEY
2023-11-09,10.1,KEY
2023-11-10,10.1,KEY
2023-11-13,10.01,KEY
2023-11-14,10.99,KEY
2023-11-15,11.24,KEY
2023-11-16,11.14,KEY
2023-11-17,11.36,KEY
2023-11-20,11.3,KEY
2023-11-21,11.08,KEY
2023-11-22,11.09,KEY
2023-11-24,11.1,KEY
2023-11-27,11.03,KEY
2023-11-28,11.19,KEY
2023-11-29,11.67,KEY
2023-11-30,11.62,KEY
2023-12-01,12.4,KEY
2023-12-04,12.61,KEY
2023-12-05,12.14,KEY
2023-12-06,12.16,KEY
2023-12-07,12.3,KEY
2023-12-08,12.44,KEY
2023-12-11,12.36,KEY
2023-12-12,12.21,KEY
2023-12-13,13.1,KEY
2023-12-14,13.86,KEY
2023-12-15,13.43,KEY
2023-12-18,13.24,KEY
2023-12-19,13.47,KEY
2023-12-20,13.21,KEY
2023-12-21,13.4,KEY
2023-12-22,13.41,KEY
2023-12-26,13.56,KEY
2023-12-27,13.62,KEY
2023-12-28,13.64,KEY
2023-12-29,13.51,KEY
2024-01-02,13.71,KEY
2024-01-03,13.3,KEY
2024-01-04,13.44,KEY
2024-01-05,13.73,KEY
2024-01-08,13.79,KEY
2024-01-09,13.69,KEY
2024-01-10,13.57,KEY
2024-01-11,13.5,KEY
2024-01-12,13.32,KEY
2024-01-16,13.06,KEY
2024-01-17,12.98,KEY
2024-01-18,12.38,KEY
2024-01-19,13.08,KEY
2024-01-22,13.32,KEY
2024-01-23,13.52,KEY
2024-01-24,13.55,KEY
2024-01-25,13.64,KEY
2024-01-26,13.76,KEY
2024-01-29,13.95,KEY
2024-01-30,14.07,KEY
2024-01-31,13.63,KEY
2024-02-01,13.29,KEY
2024-02-02,13.48,KEY
2024-02-05,13.34,KEY
2024-02-06,13.04,KEY
2024-02-07,13.04,KEY
2024-02-08,13.01,KEY
2024-02-09,13.03,KEY
2024-02-12,13.26,KEY
2024-02-13,12.69,KEY
2024-02-14,13.0,KEY
2024-02-15,13.32,KEY
2024-02-16,13.2,KEY
2024-02-20,13.31,KEY
2024-02-21,13.38,KEY
2024-02-22,13.46,KEY
2024-02-23,13.38,KEY
2024-02-26,13.02,KEY
2024-02-27,13.46,KEY
2024-02-28,13.25,KEY
2024-02-29,13.58,KEY
2024-03-01,13.51,KEY
2024-03-04,13.88,KEY
2024-03-05,14.3,KEY
2024-03-06,14.27,KEY
2024-03-07,14.25,KEY
2024-03-08,14.2,KEY
2024-03-11,14.2,KEY
2024-03-12,14.1,KEY
2024-03-13,14.21,KEY
2024-03-14,13.73,KEY
2024-03-15,13.78,KEY
2024-03-18,13.74,KEY
2024-03-19,13.79,KEY
2024-03-20,14.32,KEY
2024-03-21,14.62,KEY
2024-03-22,14.31,KEY
2024-03-25,14.46,KEY
2024-03-26,14.33,KEY
2024-03-27,14.89,KEY
2024-03-28,15.05,KEY
2024-04-01,14.74,KEY
2024-04-02,14.52,KEY
2024-04-03,14.51,KEY
2024-04-04,14.35,KEY
2024-04-05,14.33,KEY
2024-04-08,14.71,KEY
2024-04-09,14.78,KEY
2024-04-10,14.13,KEY
2024-04-11,14.01,KEY
2024-04-12,13.91,KEY
2024-04-15,13.73,KEY
2024-04-16,13.53,KEY
2024-04-17,13.73,KEY
2024-04-18,13.69,KEY
2024-04-19,13.93,KEY
2024-04-22,13.93,KEY
2024-04-23,14.01,KEY
2024-04-24,14.21,KEY
2024-04-25,13.91,KEY
2024-04-26,13.99,KEY
2024-04-29,14.02,KEY
2024-04-30,13.79,KEY
2024-05-01,14.0,KEY
2024-05-02,14.15,KEY
2024-05-03,14.21,KEY
2024-05-06,14.4,KEY
2024-05-07,14.21,KEY
2024-05-08,14.3,KEY
2024-05-09,14.35,KEY
2024-05-10,14.35,KEY
2024-05-13,14.16,KEY
2024-05-14,14.38,KEY
2024-05-15,14.82,KEY
2024-05-16,14.59,KEY
2024-05-17,14.66,KEY
2024-05-20,14.5,KEY
2024-05-21,14.58,KEY
2024-05-22,14.31,KEY
2024-05-23,13.76,KEY
2024-05-24,13.98,KEY
2024-05-28,13.7,KEY
2024-05-29,13.44,KEY
2024-05-30,13.51,KEY
2024-05-31,13.87,KEY
2024-06-03,13.63,KEY
2024-06-04,13.39,KEY
2024-06-05,13.38,KEY
2024-06-06,13.45,KEY
2024-06-07,13.45,KEY
2024-06-10,13.2,KEY
2024-06-11,12.96,KEY
2024-06-12,13.26,KEY
2024-06-13,13.17,KEY
2024-06-14,12.9,KEY
2024-06-17,13.09,KEY
2024-06-18,13.11,KEY
2024-06-20,13.17,KEY
2024-06-21,13.13,KEY
2024-06-24,13.44,KEY
2024-06-25,13.18,KEY
2024-06-26,13.06,KEY
2024-06-27,13.15,KEY
2024-06-28,13.72,KEY
2024-07-01,13.73,KEY
2024-07-02,13.93,KEY
2024-07-03,13.78,KEY
2024-07-05,13.47,KEY
2024-07-08,13.55,KEY
2024-07-09,13.8,KEY
2024-07-10,14.16,KEY
2024-07-11,14.61,KEY
2024-07-12,14.69,KEY
2024-07-15,14.97,KEY
2024-07-16,15.44,KEY
2024-07-17,15.65,KEY
2024-07-18,15.02,KEY
2024-07-19,15.05,KEY
2024-07-22,15.23,KEY
2024-07-23,15.31,KEY
2024-07-24,15.25,KEY
2024-07-25,15.57,KEY
2024-07-26,15.89,KEY
2024-07-29,15.65,KEY
2024-07-30,15.69,KEY
2024-07-31,15.57,KEY
2024-08-01,14.7,KEY
2024-08-02,13.95,KEY
2024-08-05,13.63,KEY
2024-08-06,13.77,KEY
2024-08-07,13.69,KEY
2024-08-08,14.04,KEY
2024-08-09,14.11,KEY
2024-08-12,15.39,KEY
2024-08-13,15.15,KEY
2024-08-14,15.1,KEY
2024-08-15,15.64,KEY
2024-08-16,15.82,KEY
2024-08-19,16.12,KEY
2024-08-20,16.09,KEY
2024-08-21,15.87,KEY
2024-08-22,15.85,KEY
2024-08-23,16.48,KEY
2024-08-26,16.37,KEY
2024-08-27,16.29,KEY
2024-08-28,16.36,KEY
2024-08-29,16.5,KEY
2024-08-30,16.67,KEY
2024-09-03,16.35,KEY
2024-09-04,16.09,KEY
2024-09-05,15.87,KEY
2024-09-06,15.34,KEY
2024-09-09,15.81,KEY
2024-09-10,15.52,KEY
2024-09-11,15.56,KEY
2024-09-12,15.73,KEY
2024-09-13,15.73,KEY
2024-09-16,15.9,KEY
2024-09-17,16.19,KEY
2024-09-18,16.21,KEY
2024-09-19,16.95,KEY
2024-09-20,16.73,KEY
2024-09-23,16.43,KEY
2024-09-24,16.24,KEY
2024-09-25,16.01,KEY
2024-09-26,16.17,KEY
2024-09-27,16.23,KEY
2024-09-30,16.37,KEY
2024-10-01,15.87,KEY
2024-10-02,15.84,KEY
2024-10-03,16.0,KEY
2024-10-04,16.4,KEY
2024-10-07,16.39,KEY
2024-10-08,16.35,KEY
2024-10-09,16.49,KEY
2024-10-10,16.46,KEY
2024-10-11,16.83,KEY
2024-10-14,17.01,KEY
2024-10-15,17.09,KEY
2024-10-16,17.3,KEY
2024-10-17,16.86,KEY
2024-10-18,16.96,KEY
2024-10-21,16.7,KEY
2024-10-22,16.78,KEY
2024-10-23,16.69,KEY
2024-10-24,16.84,KEY
2024-10-25,16.65,KEY
2024-10-28,17.15,KEY
2024-10-29,16.99,KEY
2024-10-30,17.09,KEY
2024-10-31,16.86,KEY
2024-11-01,16.8,KEY
2024-11-04,16.65,KEY
2024-11-05,16.87,KEY
2024-11-06,19.52,KEY
2024-11-07,18.73,KEY
2024-11-08,18.54,KEY
2024-11-11,18.81,KEY
2024-11-12,18.75,KEY
2024-11-13,18.62,KEY
2024-11-14,18.71,KEY
2024-11-15,18.73,KEY
2024-11-18,18.79,KEY
2024-11-19,18.57,KEY
2024-11-20,18.59,KEY
2024-11-21,18.78,KEY
2024-11-22,19.16,KEY
2024-11-25,19.36,KEY
2024-11-26,19.21,KEY
2024-11-27,19.08,KEY
2024-11-29,19.04,KEY
2024-12-02,18.68,KEY
2024-12-03,18.58,KEY
2024-12-04,18.52,KEY
2024-12-05,18.49,KEY
2024-12-06,18.64,KEY
2024-12-09,18.32,KEY
2024-12-10,18.19,KEY
2024-12-11,18.09,KEY
2024-12-12,17.84,KEY
2024-12-13,17.91,KEY
2024-12-16,17.98,KEY
2024-12-17,17.59,KEY
2024-12-18,16.76,KEY
2024-12-19,16.61,KEY
2024-12-20,16.88,KEY
2024-12-23,17.01,KEY
2024-12-24,17.16,KEY
2024-12-26,17.18,KEY
2024-12-27,16.99,KEY
2024-12-30,16.9,KEY
2024-12-31,16.93,KEY
2025-01-02,16.77,KEY
2025-01-03,17.08,KEY
2025-01-06,17.17,KEY
2025-01-07,16.98,KEY
2025-01-08,16.9,KEY
2025-01-10,16.52,KEY
2025-01-13,16.81,KEY
2025-01-14,17.27,KEY
2025-01-15,17.92,KEY
2025-01-16,17.62,KEY
2025-01-17,18.08,KEY
2025-01-21,17.43,KEY
2025-01-22,17.09,KEY
2025-01-23,17.26,KEY
2025-01-24,17.47,KEY
2025-01-27,17.45,KEY
2025-01-28,17.44,KEY
2025-01-29,17.46,KEY
2025-01-30,17.81,KEY
2025-01-31,17.76,KEY
2025-02-03,17.26,KEY
2025-02-04,17.73,KEY
2025-02-05,17.63,KEY
2025-02-06,17.73,KEY
2025-02-07,17.62,KEY
2025-02-10,17.3,KEY
2025-02-11,17.35,KEY
2025-02-12,17.39,KEY
2025-02-13,17.27,KEY
2025-02-14,17.51,KEY
2025-02-18,17.74,KEY
2025-02-19,17.81,KEY
2025-02-20,17.37,KEY
2025-02-21,16.73,KEY
2025-02-24,16.57,KEY
2025-02-25,16.47,KEY
2025-02-26,16.66,KEY
2025-02-27,16.77,KEY
2025-02-28,17.11,KEY
2025-03-03,16.77,KEY
2025-03-04,16.24,KEY
2025-03-05,16.26,KEY
2025-03-06,15.93,KEY
2025-03-07,15.73,KEY
2025-03-10,15.16,KEY
2025-03-11,15.16,KEY
2025-03-12,15.48,KEY
2025-03-13,15.15,KEY
2025-03-14,15.68,KEY
2025-03-17,15.8,KEY
2025-03-18,15.85,KEY
2025-03-19,16.05,KEY
2025-03-20,16.09,KEY
2025-03-21,16.15,KEY
2025-03-24,16.57,KEY
2025-03-25,16.57,KEY
2025-03-26,16.4,KEY
2025-03-27,16.17,KEY
2025-03-28,15.8,KEY
2023-03-31,55.71,LVS
2023-04-03,56.94,LVS
2023-04-04,55.91,LVS
2023-04-05,54.83,LVS
2023-04-06,55.28,LVS
2023-04-10,55.29,LVS
2023-04-11,54.23,LVS
2023-04-12,54.18,LVS
2023-04-13,55.78,LVS
2023-04-14,56.48,LVS
2023-04-17,56.4,LVS
2023-04-18,57.55,LVS
2023-04-19,57.56,LVS
2023-04-20,59.66,LVS
2023-04-21,61.14,LVS
2023-04-24,62.01,LVS
2023-04-25,60.51,LVS
2023-04-26,59.92,LVS
2023-04-27,60.33,LVS
2023-04-28,61.91,LVS
2023-05-01,62.89,LVS
2023-05-02,61.7,LVS
2023-05-03,59.56,LVS
2023-05-04,59.83,LVS
2023-05-05,59.78,LVS
2023-05-08,60.31,LVS
2023-05-09,60.48,LVS
2023-05-10,60.62,LVS
2023-05-11,59.29,LVS
2023-05-12,58.29,LVS
2023-05-15,58.13,LVS
2023-05-16,56.64,LVS
2023-05-17,57.83,LVS
2023-05-18,58.8,LVS
2023-05-19,58.65,LVS
2023-05-22,57.68,LVS
2023-05-23,54.02,LVS
2023-05-24,54.2,LVS
2023-05-25,54.12,LVS
2023-05-26,54.64,LVS
2023-05-30,53.36,LVS
2023-05-31,53.46,LVS
2023-06-01,53.77,LVS
2023-06-02,57.15,LVS
2023-06-05,56.0,LVS
2023-06-06,57.1,LVS
2023-06-07,56.71,LVS
2023-06-08,56.06,LVS
2023-06-09,56.7,LVS
2023-06-12,57.16,LVS
2023-06-13,57.58,LVS
2023-06-14,58.01,LVS
2023-06-15,56.88,LVS
2023-06-16,56.68,LVS
2023-06-20,56.91,LVS
2023-06-21,56.55,LVS
2023-06-22,56.37,LVS
2023-06-23,55.54,LVS
2023-06-26,56.26,LVS
2023-06-27,56.75,LVS
2023-06-28,55.98,LVS
2023-06-29,55.64,LVS
2023-06-30,56.24,LVS
2023-07-03,56.81,LVS
2023-07-05,53.62,LVS
2023-07-06,53.06,LVS
2023-07-07,54.03,LVS
2023-07-10,55.88,LVS
2023-07-11,56.7,LVS
2023-07-12,57.48,LVS
2023-07-13,58.3,LVS
2023-07-14,59.09,LVS
2023-07-17,57.6,LVS
2023-07-18,58.18,LVS
2023-07-19,57.85,LVS
2023-07-20,54.73,LVS
2023-07-21,54.27,LVS
2023-07-24,54.81,LVS
2023-07-25,55.61,LVS
2023-07-26,56.79,LVS
2023-07-27,56.56,LVS
2023-07-28,57.42,LVS
2023-07-31,57.99,LVS
2023-08-01,57.43,LVS
2023-08-02,56.29,LVS
2023-08-03,56.31,LVS
2023-08-04,56.18,LVS
2023-08-07,56.57,LVS
2023-08-08,55.97,LVS
2023-08-09,55.31,LVS
2023-08-10,55.85,LVS
2023-08-11,54.89,LVS
2023-08-14,54.29,LVS
2023-08-15,53.16,LVS
2023-08-16,52.18,LVS
2023-08-17,52.04,LVS
2023-08-18,51.9,LVS
2023-08-21,51.57,LVS
2023-08-22,52.0,LVS
2023-08-23,52.52,LVS
2023-08-24,51.93,LVS
2023-08-25,51.2,LVS
2023-08-28,52.37,LVS
2023-08-29,53.11,LVS
2023-08-30,53.43,LVS
2023-08-31,53.38,LVS
2023-09-01,53.45,LVS
2023-09-05,51.19,LVS
2023-09-06,51.01,LVS
2023-09-07,48.44,LVS
2023-09-08,47.55,LVS
2023-09-11,47.55,LVS
2023-09-12,47.67,LVS
2023-09-13,47.53,LVS
2023-09-14,47.61,LVS
2023-09-15,47.42,LVS
2023-09-18,47.78,LVS
2023-09-19,47.32,LVS
2023-09-20,46.62,LVS
2023-09-21,44.6,LVS
2023-09-22,44.55,LVS
2023-09-25,44.12,LVS
2023-09-26,44.06,LVS
2023-09-27,44.91,LVS
2023-09-28,44.32,LVS
2023-09-29,44.6,LVS
2023-10-02,44.47,LVS
2023-10-03,43.52,LVS
2023-10-04,43.03,LVS
2023-10-05,42.91,LVS
2023-10-06,44.3,LVS
2023-10-09,44.49,LVS
2023-10-10,45.07,LVS
2023-10-11,45.26,LVS
2023-10-12,44.71,LVS
2023-10-13,43.58,LVS
2023-10-16,44.16,LVS
2023-10-17,44.1,LVS
2023-10-18,43.4,LVS
2023-10-19,44.64,LVS
2023-10-20,44.1,LVS
2023-10-23,45.2,LVS
2023-10-24,46.35,LVS
2023-10-25,45.93,LVS
2023-10-26,46.25,LVS
2023-10-27,45.77,LVS
2023-10-30,46.53,LVS
2023-10-31,46.18,LVS
2023-11-01,45.47,LVS
2023-11-02,47.37,LVS
2023-11-03,47.52,LVS
2023-11-06,48.06,LVS
2023-11-07,47.19,LVS
2023-11-08,47.02,LVS
2023-11-09,46.79,LVS
2023-11-10,46.65,LVS
2023-11-13,46.51,LVS
2023-11-14,48.33,LVS
2023-11-15,48.15,LVS
2023-11-16,47.99,LVS
2023-11-17,47.95,LVS
2023-11-20,48.15,LVS
2023-11-21,48.3,LVS
2023-11-22,48.15,LVS
2023-11-24,47.79,LVS
2023-11-27,47.44,LVS
2023-11-28,46.56,LVS
2023-11-29,44.3,LVS
2023-11-30,45.06,LVS
2023-12-01,45.72,LVS
2023-12-04,44.58,LVS
2023-12-05,43.84,LVS
2023-12-06,43.8,LVS
2023-12-07,43.82,LVS
2023-12-08,45.32,LVS
2023-12-11,46.51,LVS
2023-12-12,46.73,LVS
2023-12-13,47.51,LVS
2023-12-14,47.49,LVS
2023-12-15,46.77,LVS
2023-12-18,46.63,LVS
2023-12-19,48.13,LVS
2023-12-20,46.46,LVS
2023-12-21,47.67,LVS
2023-12-22,47.79,LVS
2023-12-26,47.91,LVS
2023-12-27,47.42,LVS
2023-12-28,47.96,LVS
2023-12-29,48.08,LVS
2024-01-02,50.15,LVS
2024-01-03,49.5,LVS
2024-01-04,49.09,LVS
2024-01-05,49.64,LVS
2024-01-08,50.59,LVS
2024-01-09,48.86,LVS
2024-01-10,48.16,LVS
2024-01-11,48.61,LVS
2024-01-12,48.47,LVS
2024-01-16,47.91,LVS
2024-01-17,47.12,LVS
2024-01-18,48.38,LVS
2024-01-19,47.73,LVS
2024-01-22,46.83,LVS
2024-01-23,47.89,LVS
2024-01-24,48.5,LVS
2024-01-25,49.0,LVS
2024-01-26,48.88,LVS
2024-01-29,49.24,LVS
2024-01-30,48.37,LVS
2024-01-31,47.79,LVS
2024-02-01,49.68,LVS
2024-02-02,49.32,LVS
2024-02-05,50.13,LVS
2024-02-06,51.17,LVS
2024-02-07,51.74,LVS
2024-02-08,52.58,LVS
2024-02-09,52.59,LVS
2024-02-12,53.42,LVS
2024-02-13,52.83,LVS
2024-02-14,53.44,LVS
2024-02-15,53.92,LVS
2024-02-16,54.19,LVS
2024-02-20,52.05,LVS
2024-02-21,52.47,LVS
2024-02-22,52.62,LVS
2024-02-23,53.7,LVS
2024-02-26,52.9,LVS
2024-02-27,52.38,LVS
2024-02-28,52.59,LVS
2024-02-29,53.48,LVS
2024-03-01,50.3,LVS
2024-03-04,49.73,LVS
2024-03-05,49.94,LVS
2024-03-06,49.61,LVS
2024-03-07,50.51,LVS
2024-03-08,50.53,LVS
2024-03-11,51.6,LVS
2024-03-12,51.94,LVS
2024-03-13,52.33,LVS
2024-03-14,51.36,LVS
2024-03-15,50.05,LVS
2024-03-18,49.64,LVS
2024-03-19,49.81,LVS
2024-03-20,49.6,LVS
2024-03-21,49.39,LVS
2024-03-22,49.14,LVS
2024-03-25,49.36,LVS
2024-03-26,49.88,LVS
2024-03-27,50.5,LVS
2024-03-28,50.71,LVS
2024-04-01,52.16,LVS
2024-04-02,51.9,LVS
2024-04-03,52.93,LVS
2024-04-04,51.58,LVS
2024-04-05,52.16,LVS
2024-04-08,51.44,LVS
2024-04-09,51.45,LVS
2024-04-10,50.87,LVS
2024-04-11,50.62,LVS
2024-04-12,49.47,LVS
2024-04-15,49.29,LVS
2024-04-16,49.54,LVS
2024-04-17,49.27,LVS
2024-04-18,45.0,LVS
2024-04-19,44.59,LVS
2024-04-22,45.67,LVS
2024-04-23,45.13,LVS
2024-04-24,44.96,LVS
2024-04-25,44.68,LVS
2024-04-26,44.58,LVS
2024-04-29,44.88,LVS
2024-04-30,43.51,LVS
2024-05-01,43.69,LVS
2024-05-02,45.76,LVS
2024-05-03,45.97,LVS
2024-05-06,46.32,LVS
2024-05-07,46.02,LVS
2024-05-08,46.07,LVS
2024-05-09,46.5,LVS
2024-05-10,45.85,LVS
2024-05-13,46.22,LVS
2024-05-14,45.63,LVS
2024-05-15,45.42,LVS
2024-05-16,45.92,LVS
2024-05-17,46.33,LVS
2024-05-20,46.12,LVS
2024-05-21,45.52,LVS
2024-05-22,45.19,LVS
2024-05-23,44.13,LVS
2024-05-24,44.21,LVS
2024-05-28,44.06,LVS
2024-05-29,43.25,LVS
2024-05-30,43.34,LVS
2024-05-31,44.36,LVS
2024-06-03,44.19,LVS
2024-06-04,42.92,LVS
2024-06-05,42.95,LVS
2024-06-06,43.01,LVS
2024-06-07,44.35,LVS
2024-06-10,44.06,LVS
2024-06-11,43.46,LVS
2024-06-12,43.58,LVS
2024-06-13,43.41,LVS
2024-06-14,42.6,LVS
2024-06-17,43.69,LVS
2024-06-18,43.64,LVS
2024-06-20,43.94,LVS
2024-06-21,45.23,LVS
2024-06-24,44.17,LVS
2024-06-25,43.71,LVS
2024-06-26,43.16,LVS
2024-06-27,43.48,LVS
2024-06-28,43.59,LVS
2024-07-01,42.24,LVS
2024-07-02,41.68,LVS
2024-07-03,41.92,LVS
2024-07-05,41.46,LVS
2024-07-08,40.83,LVS
2024-07-09,41.0,LVS
2024-07-10,40.81,LVS
2024-07-11,41.69,LVS
2024-07-12,42.09,LVS
2024-07-15,41.62,LVS
2024-07-16,42.26,LVS
2024-07-17,41.71,LVS
2024-07-18,40.49,LVS
2024-07-19,40.46,LVS
2024-07-22,40.79,LVS
2024-07-23,40.52,LVS
2024-07-24,39.72,LVS
2024-07-25,38.75,LVS
2024-07-26,38.6,LVS
2024-07-29,38.96,LVS
2024-07-30,38.88,LVS
2024-07-31,39.08,LVS
2024-08-01,37.9,LVS
2024-08-02,37.49,LVS
2024-08-05,37.3,LVS
2024-08-06,38.13,LVS
2024-08-07,38.11,LVS
2024-08-08,39.43,LVS
2024-08-09,38.2,LVS
2024-08-12,38.07,LVS
2024-08-13,39.0,LVS
2024-08-14,39.12,LVS
2024-08-15,39.74,LVS
2024-08-16,39.98,LVS
2024-08-19,40.45,LVS
2024-08-20,40.57,LVS
2024-08-21,40.89,LVS
2024-08-22,40.67,LVS
2024-08-23,40.21,LVS
2024-08-26,40.16,LVS
2024-08-27,39.55,LVS
2024-08-28,38.63,LVS
2024-08-29,38.27,LVS
2024-08-30,38.61,LVS
2024-09-03,38.31,LVS
2024-09-04,39.47,LVS
2024-09-05,39.59,LVS
2024-09-06,39.32,LVS
2024-09-09,39.61,LVS
2024-09-10,38.9,LVS
2024-09-11,38.98,LVS
2024-09-12,39.03,LVS
2024-09-13,39.63,LVS
2024-09-16,39.87,LVS
2024-09-17,41.0,LVS
2024-09-18,40.39,LVS
2024-09-19,41.69,LVS
2024-09-20,41.57,LVS
2024-09-23,41.72,LVS
2024-09-24,43.95,LVS
2024-09-25,44.39,LVS
2024-09-26,47.93,LVS
2024-09-27,50.62,LVS
2024-09-30,49.85,LVS
2024-10-01,51.33,LVS
2024-10-02,51.32,LVS
2024-10-03,51.47,LVS
2024-10-04,52.07,LVS
2024-10-07,52.81,LVS
2024-10-08,51.34,LVS
2024-10-09,51.43,LVS
2024-10-10,51.51,LVS
2024-10-11,52.36,LVS
2024-10-14,51.76,LVS
2024-10-15,50.46,LVS
2024-10-16,51.18,LVS
2024-10-17,50.31,LVS
2024-10-18,51.05,LVS
2024-10-21,50.67,LVS
2024-10-22,51.25,LVS
2024-10-23,50.55,LVS
2024-10-24,51.96,LVS
2024-10-25,52.25,LVS
2024-10-28,53.1,LVS
2024-10-29,52.87,LVS
2024-10-30,52.42,LVS
2024-10-31,51.35,LVS
2024-11-01,51.23,LVS
2024-11-04,50.87,LVS
2024-11-05,50.05,LVS
2024-11-06,50.41,LVS
2024-11-07,51.16,LVS
2024-11-08,50.09,LVS
2024-11-11,50.35,LVS
2024-11-12,48.97,LVS
2024-11-13,49.24,LVS
2024-11-14,48.25,LVS
2024-11-15,47.68,LVS
2024-11-18,48.85,LVS
2024-11-19,48.89,LVS
2024-11-20,49.62,LVS
2024-11-21,49.78,LVS
2024-11-22,49.79,LVS
2024-11-25,51.1,LVS
2024-11-26,50.62,LVS
2024-11-27,51.12,LVS
2024-11-29,52.75,LVS
2024-12-02,54.68,LVS
2024-12-03,53.59,LVS
2024-12-04,54.28,LVS
2024-12-05,53.53,LVS
2024-12-06,53.68,LVS
2024-12-09,54.85,LVS
2024-12-10,54.56,LVS
2024-12-11,54.13,LVS
2024-12-12,53.49,LVS
2024-12-13,53.56,LVS
2024-12-16,52.18,LVS
2024-12-17,53.33,LVS
2024-12-18,50.72,LVS
2024-12-19,50.98,LVS
2024-12-20,51.95,LVS
2024-12-23,51.36,LVS
2024-12-24,51.59,LVS
2024-12-26,51.67,LVS
2024-12-27,51.56,LVS
2024-12-30,50.41,LVS
2024-12-31,51.06,LVS
2025-01-02,49.61,LVS
2025-01-03,50.13,LVS
2025-01-06,50.63,LVS
2025-01-07,49.21,LVS
2025-01-08,48.86,LVS
2025-01-10,46.94,LVS
2025-01-13,46.6,LVS
2025-01-14,44.74,LVS
2025-01-15,43.94,LVS
2025-01-16,43.72,LVS
2025-01-17,44.14,LVS
2025-01-21,45.1,LVS
2025-01-22,43.74,LVS
2025-01-23,43.2,LVS
2025-01-24,43.25,LVS
2025-01-27,43.2,LVS
2025-01-28,42.98,LVS
2025-01-29,43.18,LVS
2025-01-30,47.96,LVS
2025-01-31,45.56,LVS
2025-02-03,44.67,LVS
2025-02-04,44.27,LVS
2025-02-05,43.28,LVS
2025-02-06,42.07,LVS
2025-02-07,42.73,LVS
2025-02-10,41.67,LVS
2025-02-11,41.25,LVS
2025-02-12,41.89,LVS
2025-02-13,42.21,LVS
2025-02-14,43.37,LVS
2025-02-18,43.82,LVS
2025-02-19,44.04,LVS
2025-02-20,44.97,LVS
2025-02-21,44.02,LVS
2025-02-24,45.11,LVS
2025-02-25,44.36,LVS
2025-02-26,43.73,LVS
2025-02-27,43.74,LVS
2025-02-28,44.71,LVS
2025-03-03,45.43,LVS
2025-03-04,45.09,LVS
2025-03-05,46.05,LVS
2025-03-06,45.39,LVS
2025-03-07,45.06,LVS
2025-03-10,45.34,LVS
2025-03-11,44.82,LVS
2025-03-12,42.79,LVS
2025-03-13,42.78,LVS
2025-03-14,43.19,LVS
2025-03-17,43.67,LVS
2025-03-18,43.27,LVS
2025-03-19,43.91,LVS
2025-03-20,42.88,LVS
2025-03-21,41.93,LVS
2025-03-24,41.5,LVS
2025-03-25,40.27,LVS
2025-03-26,40.31,LVS
2025-03-27,40.32,LVS
2025-03-28,38.18,LVS
2023-03-31,82.32,ON
2023-04-03,81.14,ON
2023-04-04,78.49,ON
2023-04-05,76.54,ON
2023-04-06,75.34,ON
2023-04-10,77.7,ON
2023-04-11,77.22,ON
2023-04-12,76.46,ON
2023-04-13,77.59,ON
2023-04-14,77.92,ON
2023-04-17,78.41,ON
2023-04-18,79.21,ON
2023-04-19,76.92,ON
2023-04-20,74.26,ON
2023-04-21,73.74,ON
2023-04-24,74.38,ON
2023-04-25,70.35,ON
2023-04-26,71.95,ON
2023-04-27,69.98,ON
2023-04-28,71.96,ON
2023-05-01,78.33,ON
2023-05-02,79.17,ON
2023-05-03,78.58,ON
2023-05-04,77.83,ON
2023-05-05,81.22,ON
2023-05-08,80.52,ON
2023-05-09,78.81,ON
2023-05-10,79.87,ON
2023-05-11,80.32,ON
2023-05-12,81.34,ON
2023-05-15,82.39,ON
2023-05-16,83.04,ON
2023-05-17,85.63,ON
2023-05-18,86.49,ON
2023-05-19,84.36,ON
2023-05-22,85.24,ON
2023-05-23,82.54,ON
2023-05-24,79.79,ON
2023-05-25,82.0,ON
2023-05-26,86.62,ON
2023-05-30,83.97,ON
2023-05-31,83.6,ON
2023-06-01,87.95,ON
2023-06-02,86.83,ON
2023-06-05,85.63,ON
2023-06-06,88.48,ON
2023-06-07,89.24,ON
2023-06-08,89.99,ON
2023-06-09,89.02,ON
2023-06-12,91.06,ON
2023-06-13,92.67,ON
2023-06-14,92.74,ON
2023-06-15,91.0,ON
2023-06-16,90.15,ON
2023-06-20,89.38,ON
2023-06-21,88.07,ON
2023-06-22,88.95,ON
2023-06-23,87.52,ON
2023-06-26,88.62,ON
2023-06-27,91.87,ON
2023-06-28,91.21,ON
2023-06-29,92.08,ON
2023-06-30,94.58,ON
2023-07-03,96.83,ON
2023-07-05,92.95,ON
2023-07-06,92.61,ON
2023-07-07,93.3,ON
2023-07-10,95.98,ON
2023-07-11,96.64,ON
2023-07-12,98.63,ON
2023-07-13,102.04,ON
2023-07-14,99.68,ON
2023-07-17,104.33,ON
2023-07-18,104.84,ON
2023-07-19,101.91,ON
2023-07-20,97.3,ON
2023-07-21,98.76,ON
2023-07-24,97.69,ON
2023-07-25,100.04,ON
2023-07-26,99.25,ON
2023-07-27,102.11,ON
2023-07-28,105.09,ON
2023-07-31,107.75,ON
2023-08-01,108.09,ON
2023-08-02,103.57,ON
2023-08-03,102.7,ON
2023-08-04,102.31,ON
2023-08-07,103.59,ON
2023-08-08,101.38,ON
2023-08-09,99.09,ON
2023-08-10,97.73,ON
2023-08-11,94.57,ON
2023-08-14,97.12,ON
2023-08-15,94.13,ON
2023-08-16,92.18,ON
2023-08-17,90.03,ON
2023-08-18,90.73,ON
2023-08-21,93.03,ON
2023-08-22,92.37,ON
2023-08-23,92.88,ON
2023-08-24,89.96,ON
2023-08-25,92.32,ON
2023-08-28,93.63,ON
2023-08-29,97.61,ON
2023-08-30,98.85,ON
2023-08-31,98.46,ON
2023-09-01,99.4,ON
2023-09-05,99.31,ON
2023-09-06,99.49,ON
2023-09-07,98.51,ON
2023-09-08,97.92,ON
2023-09-11,97.85,ON
2023-09-12,96.79,ON
2023-09-13,96.83,ON
2023-09-14,96.47,ON
2023-09-15,93.1,ON
2023-09-18,94.6,ON
2023-09-19,94.24,ON
2023-09-20,92.84,ON
2023-09-21,90.93,ON
2023-09-22,93.81,ON
2023-09-25,94.46,ON
2023-09-26,90.15,ON
2023-09-27,92.05,ON
2023-09-28,94.05,ON
2023-09-29,92.95,ON
2023-10-02,93.37,ON
2023-10-03,89.76,ON
2023-10-04,89.99,ON
2023-10-05,88.17,ON
2023-10-06,90.93,ON
2023-10-09,90.93,ON
2023-10-10,93.32,ON
2023-10-11,95.14,ON
2023-10-12,93.05,ON
2023-10-13,89.14,ON
2023-10-16,91.69,ON
2023-10-17,91.69,ON
2023-10-18,89.59,ON
2023-10-19,87.01,ON
2023-10-20,84.83,ON
2023-10-23,83.61,ON
2023-10-24,85.09,ON
2023-10-25,81.16,ON
2023-10-26,82.79,ON
2023-10-27,83.52,ON
2023-10-30,65.34,ON
2023-10-31,62.64,ON
2023-11-01,64.84,ON
2023-11-02,66.63,ON
2023-11-03,68.25,ON
2023-11-06,66.23,ON
2023-11-07,66.8,ON
2023-11-08,66.25,ON
2023-11-09,64.35,ON
2023-11-10,67.38,ON
2023-11-13,66.65,ON
2023-11-14,69.96,ON
2023-11-15,71.13,ON
2023-11-16,69.46,ON
2023-11-17,70.03,ON
2023-11-20,70.68,ON
2023-11-21,68.39,ON
2023-11-22,68.56,ON
2023-11-24,69.28,ON
2023-11-27,68.68,ON
2023-11-28,69.1,ON
2023-11-29,71.62,ON
2023-11-30,71.33,ON
2023-12-01,74.18,ON
2023-12-04,73.1,ON
2023-12-05,72.28,ON
2023-12-06,73.44,ON
2023-12-07,75.84,ON
2023-12-08,76.14,ON
2023-12-11,79.4,ON
2023-12-12,78.39,ON
2023-12-13,81.06,ON
2023-12-14,86.21,ON
2023-12-15,85.65,ON
2023-12-18,83.76,ON
2023-12-19,84.74,ON
2023-12-20,81.17,ON
2023-12-21,83.65,ON
2023-12-22,84.01,ON
2023-12-26,85.47,ON
2023-12-27,85.05,ON
2023-12-28,84.98,ON
2023-12-29,83.53,ON
2024-01-02,81.45,ON
2024-01-03,79.31,ON
2024-01-04,76.2,ON
2024-01-05,75.7,ON
2024-01-08,77.94,ON
2024-01-09,77.03,ON
2024-01-10,75.61,ON
2024-01-11,74.43,ON
2024-01-12,73.47,ON
2024-01-16,73.8,ON
2024-01-17,72.27,ON
2024-01-18,73.22,ON
2024-01-19,73.87,ON
2024-01-22,75.19,ON
2024-01-23,76.75,ON
2024-01-24,75.15,ON
2024-01-25,72.69,ON
2024-01-26,71.71,ON
2024-01-29,73.02,ON
2024-01-30,72.57,ON
2024-01-31,71.13,ON
2024-02-01,70.19,ON
2024-02-02,70.83,ON
2024-02-05,77.59,ON
2024-02-06,76.32,ON
2024-02-07,76.96,ON
2024-02-08,80.71,ON
2024-02-09,80.8,ON
2024-02-12,80.92,ON
2024-02-13,78.59,ON
2024-02-14,81.67,ON
2024-02-15,80.62,ON
2024-02-16,78.64,ON
2024-02-20,77.47,ON
2024-02-21,77.62,ON
2024-02-22,78.36,ON
2024-02-23,76.19,ON
2024-02-26,77.57,ON
2024-02-27,76.97,ON
2024-02-28,76.47,ON
2024-02-29,78.92,ON
2024-03-01,81.14,ON
2024-03-04,79.88,ON
2024-03-05,76.99,ON
2024-03-06,77.62,ON
2024-03-07,82.96,ON
2024-03-08,78.95,ON
2024-03-11,81.6,ON
2024-03-12,82.59,ON
2024-03-13,79.89,ON
2024-03-14,77.17,ON
2024-03-15,74.87,ON
2024-03-18,73.82,ON
2024-03-19,74.04,ON
2024-03-20,75.57,ON
2024-03-21,75.78,ON
2024-03-22,74.68,ON
2024-03-25,73.54,ON
2024-03-26,72.89,ON
2024-03-27,75.61,ON
2024-03-28,73.55,ON
2024-04-01,73.85,ON
2024-04-02,70.48,ON
2024-04-03,70.73,ON
2024-04-04,69.1,ON
2024-04-05,69.32,ON
2024-04-08,68.75,ON
2024-04-09,70.94,ON
2024-04-10,69.23,ON
2024-04-11,70.6,ON
2024-04-12,66.64,ON
2024-04-15,65.64,ON
2024-04-16,64.72,ON
2024-04-17,64.47,ON
2024-04-18,62.93,ON
2024-04-19,60.71,ON
2024-04-22,60.65,ON
2024-04-23,61.68,ON
2024-04-24,65.53,ON
2024-04-25,66.38,ON
2024-04-26,68.06,ON
2024-04-29,70.82,ON
2024-04-30,70.16,ON
2024-05-01,69.01,ON
2024-05-02,70.01,ON
2024-05-03,70.37,ON
2024-05-06,69.67,ON
2024-05-07,70.79,ON
2024-05-08,70.67,ON
2024-05-09,71.26,ON
2024-05-10,70.46,ON
2024-05-13,72.33,ON
2024-05-14,72.99,ON
2024-05-15,74.74,ON
2024-05-16,73.0,ON
2024-05-17,73.17,ON
2024-05-20,74.28,ON
2024-05-21,72.82,ON
2024-05-22,76.29,ON
2024-05-23,71.65,ON
2024-05-24,72.56,ON
2024-05-28,73.65,ON
2024-05-29,71.01,ON
2024-05-30,72.11,ON
2024-05-31,73.04,ON
2024-06-03,73.19,ON
2024-06-04,71.52,ON
2024-06-05,74.54,ON
2024-06-06,72.45,ON
2024-06-07,72.31,ON
2024-06-10,73.5,ON
2024-06-11,73.98,ON
2024-06-12,76.22,ON
2024-06-13,75.04,ON
2024-06-14,71.97,ON
2024-06-17,70.73,ON
2024-06-18,70.73,ON
2024-06-20,67.63,ON
2024-06-21,68.52,ON
2024-06-24,67.79,ON
2024-06-25,67.84,ON
2024-06-26,68.17,ON
2024-06-27,67.86,ON
2024-06-28,68.55,ON
2024-07-01,69.18,ON
2024-07-02,72.92,ON
2024-07-03,72.68,ON
2024-07-05,73.38,ON
2024-07-08,75.01,ON
2024-07-09,73.48,ON
2024-07-10,76.59,ON
2024-07-11,74.24,ON
2024-07-12,76.87,ON
2024-07-15,76.37,ON
2024-07-16,78.74,ON
2024-07-17,75.46,ON
2024-07-18,75.43,ON
2024-07-19,72.53,ON
2024-07-22,77.33,ON
2024-07-23,73.39,ON
2024-07-24,70.11,ON
2024-07-25,67.54,ON
2024-07-26,70.17,ON
2024-07-29,78.27,ON
2024-07-30,73.97,ON
2024-07-31,78.25,ON
2024-08-01,71.9,ON
2024-08-02,67.95,ON
2024-08-05,68.97,ON
2024-08-06,68.51,ON
2024-08-07,66.39,ON
2024-08-08,72.23,ON
2024-08-09,71.3,ON
2024-08-12,70.37,ON
2024-08-13,72.91,ON
2024-08-14,71.08,ON
2024-08-15,75.88,ON
2024-08-16,75.84,ON
2024-08-19,77.72,ON
2024-08-20,75.82,ON
2024-08-21,76.68,ON
2024-08-22,73.37,ON
2024-08-23,76.36,ON
2024-08-26,74.82,ON
2024-08-27,76.06,ON
2024-08-28,74.63,ON
2024-08-29,76.3,ON
2024-08-30,77.87,ON
2024-09-03,70.76,ON
2024-09-04,70.53,ON
2024-09-05,70.25,ON
2024-09-06,67.92,ON
2024-09-09,69.39,ON
2024-09-10,68.23,ON
2024-09-11,70.58,ON
2024-09-12,69.33,ON
2024-09-13,71.72,ON
2024-09-16,70.37,ON
2024-09-17,71.42,ON
2024-09-18,70.64,ON
2024-09-19,73.35,ON
2024-09-20,69.57,ON
2024-09-23,69.74,ON
2024-09-24,70.47,ON
2024-09-25,69.65,ON
2024-09-26,73.32,ON
2024-09-27,74.39,ON
2024-09-30,72.61,ON
2024-10-01,71.05,ON
2024-10-02,71.51,ON
2024-10-03,70.33,ON
2024-10-04,71.54,ON
2024-10-07,71.09,ON
2024-10-08,70.53,ON
2024-10-09,71.0,ON
2024-10-10,70.31,ON
2024-10-11,70.33,ON
2024-10-14,72.79,ON
2024-10-15,69.32,ON
2024-10-16,69.03,ON
2024-10-17,69.24,ON
2024-10-18,68.49,ON
2024-10-21,67.14,ON
2024-10-22,66.54,ON
2024-10-23,67.97,ON
2024-10-24,70.08,ON
2024-10-25,71.25,ON
2024-10-28,72.24,ON
2024-10-29,74.7,ON
2024-10-30,73.63,ON
2024-10-31,70.49,ON
2024-11-01,70.99,ON
2024-11-04,69.5,ON
2024-11-05,70.2,ON
2024-11-06,72.27,ON
2024-11-07,72.05,ON
2024-11-08,70.41,ON
2024-11-11,69.96,ON
2024-11-12,70.23,ON
2024-11-13,68.49,ON
2024-11-14,67.02,ON
2024-11-15,64.76,ON
2024-11-18,66.48,ON
2024-11-19,66.65,ON
2024-11-20,67.31,ON
2024-11-21,68.47,ON
2024-11-22,69.62,ON
2024-11-25,72.39,ON
2024-11-26,70.82,ON
2024-11-27,70.35,ON
2024-11-29,71.12,ON
2024-12-02,73.95,ON
2024-12-03,69.81,ON
2024-12-04,65.97,ON
2024-12-05,65.74,ON
2024-12-06,66.52,ON
2024-12-09,67.68,ON
2024-12-10,66.34,ON
2024-12-11,67.97,ON
2024-12-12,67.11,ON
2024-12-13,65.96,ON
2024-12-16,66.44,ON
2024-12-17,67.74,ON
2024-12-18,64.93,ON
2024-12-19,64.8,ON
2024-12-20,65.5,ON
2024-12-23,66.63,ON
2024-12-24,67.9,ON
2024-12-26,67.02,ON
2024-12-27,66.01,ON
2024-12-30,63.46,ON
2024-12-31,63.05,ON
2025-01-02,61.71,ON
2025-01-03,63.91,ON
2025-01-06,64.51,ON
2025-01-07,62.73,ON
2025-01-08,58.31,ON
2025-01-10,53.94,ON
2025-01-13,55.87,ON
2025-01-14,55.18,ON
2025-01-15,55.23,ON
2025-01-16,53.51,ON
2025-01-17,54.63,ON
2025-01-21,55.61,ON
2025-01-22,56.03,ON
2025-01-23,56.26,ON
2025-01-24,54.5,ON
2025-01-27,53.94,ON
2025-01-28,53.87,ON
2025-01-29,53.77,ON
2025-01-30,53.27,ON
2025-01-31,52.34,ON
2025-02-03,50.26,ON
2025-02-04,50.58,ON
2025-02-05,51.72,ON
2025-02-06,52.44,ON
2025-02-07,51.25,ON
2025-02-10,47.04,ON
2025-02-11,47.93,ON
2025-02-12,50.06,ON
2025-02-13,50.92,ON
2025-02-14,51.83,ON
2025-02-18,51.95,ON
2025-02-19,55.52,ON
2025-02-20,55.74,ON
2025-02-21,54.05,ON
2025-02-24,53.4,ON
2025-02-25,51.22,ON
2025-02-26,50.55,ON
2025-02-27,47.38,ON
2025-02-28,47.05,ON
2025-03-03,44.91,ON
2025-03-04,44.49,ON
2025-03-05,46.49,ON
2025-03-06,43.88,ON
2025-03-07,45.4,ON
2025-03-10,44.16,ON
2025-03-11,42.86,ON
2025-03-12,42.85,ON
2025-03-13,42.15,ON
2025-03-14,43.19,ON
2025-03-17,44.05,ON
2025-03-18,43.42,ON
2025-03-19,43.58,ON
2025-03-20,43.2,ON
2025-03-21,43.78,ON
2025-03-24,45.68,ON
2025-03-25,45.31,ON
2025-03-26,45.04,ON
2025-03-27,43.76,ON
2025-03-28,40.94,ON
2023-03-31,27.67,SYF
2023-04-03,27.96,SYF
2023-04-04,27.53,SYF
2023-04-05,27.12,SYF
2023-04-06,27.23,SYF
2023-04-10,27.4,SYF
2023-04-11,28.4,SYF
2023-04-12,28.1,SYF
2023-04-13,28.33,SYF
2023-04-14,28.36,SYF
2023-04-17,28.51,SYF
2023-04-18,28.78,SYF
2023-04-19,29.3,SYF
2023-04-20,28.41,SYF
2023-04-21,28.28,SYF
2023-04-24,28.15,SYF
2023-04-25,27.73,SYF
2023-04-26,27.73,SYF
2023-04-27,27.93,SYF
2023-04-28,28.08,SYF
2023-05-01,27.69,SYF
2023-05-02,26.41,SYF
2023-05-03,26.57,SYF
2023-05-04,25.66,SYF
2023-05-05,26.22,SYF
2023-05-08,26.28,SYF
2023-05-09,26.33,SYF
2023-05-10,26.01,SYF
2023-05-11,26.29,SYF
2023-05-12,25.97,SYF
2023-05-15,26.82,SYF
2023-05-16,26.74,SYF
2023-05-17,27.58,SYF
2023-05-18,28.77,SYF
2023-05-19,28.79,SYF
2023-05-22,29.11,SYF
2023-05-23,29.41,SYF
2023-05-24,28.83,SYF
2023-05-25,28.77,SYF
2023-05-26,29.63,SYF
2023-05-30,29.95,SYF
2023-05-31,29.69,SYF
2023-06-01,30.26,SYF
2023-06-02,31.69,SYF
2023-06-05,31.37,SYF
2023-06-06,32.4,SYF
2023-06-07,32.8,SYF
2023-06-08,32.39,SYF
2023-06-09,32.31,SYF
2023-06-12,32.36,SYF
2023-06-13,32.74,SYF
2023-06-14,32.16,SYF
2023-06-15,32.07,SYF
2023-06-16,31.55,SYF
2023-06-20,31.37,SYF
2023-06-21,31.46,SYF
2023-06-22,31.34,SYF
2023-06-23,31.36,SYF
2023-06-26,31.24,SYF
2023-06-27,32.0,SYF
2023-06-28,32.46,SYF
2023-06-29,32.67,SYF
2023-06-30,32.53,SYF
2023-07-03,32.97,SYF
2023-07-05,32.36,SYF
2023-07-06,32.07,SYF
2023-07-07,32.23,SYF
2023-07-10,32.56,SYF
2023-07-11,33.3,SYF
2023-07-12,33.44,SYF
2023-07-13,34.21,SYF
2023-07-14,33.47,SYF
2023-07-17,34.05,SYF
2023-07-18,34.69,SYF
2023-07-19,34.63,SYF
2023-07-20,33.46,SYF
2023-07-21,33.25,SYF
2023-07-24,34.37,SYF
2023-07-25,33.72,SYF
2023-07-26,33.43,SYF
2023-07-27,33.31,SYF
2023-07-28,33.41,SYF
2023-07-31,33.36,SYF
2023-08-01,33.54,SYF
2023-08-02,32.98,SYF
2023-08-03,33.13,SYF
2023-08-04,33.19,SYF
2023-08-07,33.57,SYF
2023-08-08,33.65,SYF
2023-08-09,33.23,SYF
2023-08-10,33.23,SYF
2023-08-11,33.59,SYF
2023-08-14,33.06,SYF
2023-08-15,32.34,SYF
2023-08-16,31.75,SYF
2023-08-17,31.93,SYF
2023-08-18,32.04,SYF
2023-08-21,31.79,SYF
2023-08-22,30.71,SYF
2023-08-23,30.94,SYF
2023-08-24,30.86,SYF
2023-08-25,30.77,SYF
2023-08-28,30.89,SYF
2023-08-29,31.43,SYF
2023-08-30,31.26,SYF
2023-08-31,31.18,SYF
2023-09-01,31.55,SYF
2023-09-05,30.72,SYF
2023-09-06,30.65,SYF
2023-09-07,29.87,SYF
2023-09-08,30.22,SYF
2023-09-11,30.62,SYF
2023-09-12,31.18,SYF
2023-09-13,30.72,SYF
2023-09-14,31.19,SYF
2023-09-15,31.41,SYF
2023-09-18,31.05,SYF
2023-09-19,31.27,SYF
2023-09-20,31.07,SYF
2023-09-21,30.73,SYF
2023-09-22,30.31,SYF
2023-09-25,30.36,SYF
2023-09-26,30.03,SYF
2023-09-27,29.15,SYF
2023-09-28,29.82,SYF
2023-09-29,29.53,SYF
2023-10-02,29.34,SYF
2023-10-03,28.11,SYF
2023-10-04,28.05,SYF
2023-10-05,27.73,SYF
2023-10-06,28.32,SYF
2023-10-09,28.36,SYF
2023-10-10,28.82,SYF
2023-10-11,28.65,SYF
2023-10-12,28.43,SYF
2023-10-13,27.89,SYF
2023-10-16,28.64,SYF
2023-10-17,29.46,SYF
2023-10-18,28.88,SYF
2023-10-19,27.78,SYF
2023-10-20,27.4,SYF
2023-10-23,27.65,SYF
2023-10-24,26.44,SYF
2023-10-25,26.76,SYF
2023-10-26,27.05,SYF
2023-10-27,27.13,SYF
2023-10-30,27.37,SYF
2023-10-31,27.34,SYF
2023-11-01,27.26,SYF
2023-11-02,28.34,SYF
2023-11-03,29.38,SYF
2023-11-06,28.76,SYF
2023-11-07,28.6,SYF
2023-11-08,28.57,SYF
2023-11-09,28.41,SYF
2023-11-10,28.82,SYF
2023-11-13,28.71,SYF
2023-11-14,29.53,SYF
2023-11-15,29.0,SYF
2023-11-16,28.17,SYF
2023-11-17,29.12,SYF
2023-11-20,29.06,SYF
2023-11-21,28.72,SYF
2023-11-22,28.92,SYF
2023-11-24,29.07,SYF
2023-11-27,28.64,SYF
2023-11-28,30.1,SYF
2023-11-29,30.43,SYF
2023-11-30,31.54,SYF
2023-12-01,32.97,SYF
2023-12-04,33.11,SYF
2023-12-05,33.12,SYF
2023-12-06,33.43,SYF
2023-12-07,34.01,SYF
2023-12-08,34.39,SYF
2023-12-11,34.55,SYF
2023-12-12,34.69,SYF
2023-12-13,35.89,SYF
2023-12-14,36.78,SYF
2023-12-15,36.18,SYF
2023-12-18,36.59,SYF
2023-12-19,37.26,SYF
2023-12-20,36.38,SYF
2023-12-21,37.08,SYF
2023-12-22,36.97,SYF
2023-12-26,37.3,SYF
2023-12-27,37.37,SYF
2023-12-28,37.39,SYF
2023-12-29,37.22,SYF
2024-01-02,36.99,SYF
2024-01-03,36.5,SYF
2024-01-04,36.49,SYF
2024-01-05,37.83,SYF
2024-01-08,38.2,SYF
2024-01-09,37.52,SYF
2024-01-10,36.97,SYF
2024-01-11,37.0,SYF
2024-01-12,35.8,SYF
2024-01-16,36.02,SYF
2024-01-17,35.54,SYF
2024-01-18,34.86,SYF
2024-01-19,35.97,SYF
2024-01-22,36.81,SYF
2024-01-23,36.49,SYF
2024-01-24,37.0,SYF
2024-01-25,37.48,SYF
2024-01-26,38.53,SYF
2024-01-29,38.22,SYF
2024-01-30,38.69,SYF
2024-01-31,37.88,SYF
2024-02-01,37.63,SYF
2024-02-02,38.21,SYF
2024-02-05,38.02,SYF
2024-02-06,38.05,SYF
2024-02-07,37.79,SYF
2024-02-08,38.14,SYF
2024-02-09,37.99,SYF
2024-02-12,38.78,SYF
2024-02-13,37.91,SYF
2024-02-14,38.58,SYF
2024-02-15,39.09,SYF
2024-02-16,38.8,SYF
2024-02-20,39.71,SYF
2024-02-21,38.9,SYF
2024-02-22,38.94,SYF
2024-02-23,39.35,SYF
2024-02-26,39.16,SYF
2024-02-27,40.23,SYF
2024-02-28,40.09,SYF
2024-02-29,40.51,SYF
2024-03-01,40.27,SYF
2024-03-04,39.85,SYF
2024-03-05,40.07,SYF
2024-03-06,40.47,SYF
2024-03-07,40.78,SYF
2024-03-08,41.34,SYF
2024-03-11,41.73,SYF
2024-03-12,42.31,SYF
2024-03-13,42.65,SYF
2024-03-14,42.42,SYF
2024-03-15,40.98,SYF
2024-03-18,40.95,SYF
2024-03-19,41.32,SYF
2024-03-20,42.56,SYF
2024-03-21,41.84,SYF
2024-03-22,40.76,SYF
2024-03-25,40.53,SYF
2024-03-26,40.79,SYF
2024-03-27,41.47,SYF
2024-03-28,42.3,SYF
2024-04-01,40.95,SYF
2024-04-02,40.22,SYF
2024-04-03,40.42,SYF
2024-04-04,40.4,SYF
2024-04-05,40.49,SYF
2024-04-08,41.7,SYF
2024-04-09,41.52,SYF
2024-04-10,40.65,SYF
2024-04-11,40.5,SYF
2024-04-12,39.64,SYF
2024-04-15,39.7,SYF
2024-04-16,39.16,SYF
2024-04-17,38.92,SYF
2024-04-18,40.02,SYF
2024-04-19,40.78,SYF
2024-04-22,41.35,SYF
2024-04-23,42.04,SYF
2024-04-24,44.16,SYF
2024-04-25,43.81,SYF
2024-04-26,43.82,SYF
2024-04-29,43.85,SYF
2024-04-30,43.14,SYF
2024-05-01,43.12,SYF
2024-05-02,44.39,SYF
2024-05-03,44.98,SYF
2024-05-06,45.61,SYF
2024-05-07,44.65,SYF
2024-05-08,44.99,SYF
2024-05-09,45.47,SYF
2024-05-10,45.11,SYF
2024-05-13,44.3,SYF
2024-05-14,44.56,SYF
2024-05-15,43.54,SYF
2024-05-16,42.89,SYF
2024-05-17,43.34,SYF
2024-05-20,43.57,SYF
2024-05-21,44.19,SYF
2024-05-22,42.95,SYF
2024-05-23,42.28,SYF
2024-05-24,42.74,SYF
2024-05-28,42.63,SYF
2024-05-29,41.8,SYF
2024-05-30,42.4,SYF
2024-05-31,43.2,SYF
2024-06-03,42.97,SYF
2024-06-04,41.94,SYF
2024-06-05,42.22,SYF
2024-06-06,42.47,SYF
2024-06-07,43.1,SYF
2024-06-10,43.74,SYF
2024-06-11,41.89,SYF
2024-06-12,43.05,SYF
2024-06-13,42.27,SYF
2024-06-14,41.12,SYF
2024-06-17,42.5,SYF
2024-06-18,43.03,SYF
2024-06-20,44.32,SYF
2024-06-21,43.86,SYF
2024-06-24,44.9,SYF
2024-06-25,44.54,SYF
2024-06-26,44.27,SYF
2024-06-27,43.63,SYF
2024-06-28,46.55,SYF
2024-07-01,47.45,SYF
2024-07-02,47.37,SYF
2024-07-03,46.71,SYF
2024-07-05,46.28,SYF
2024-07-08,47.02,SYF
2024-07-09,47.79,SYF
2024-07-10,47.43,SYF
2024-07-11,48.39,SYF
2024-07-12,48.44,SYF
2024-07-15,50.03,SYF
2024-07-16,51.0,SYF
2024-07-17,51.51,SYF
2024-07-18,50.14,SYF
2024-07-19,49.29,SYF
2024-07-22,49.83,SYF
2024-07-23,50.12,SYF
2024-07-24,49.2,SYF
2024-07-25,49.69,SYF
2024-07-26,50.09,SYF
2024-07-29,49.82,SYF
2024-07-30,50.29,SYF
2024-07-31,50.1,SYF
2024-08-01,47.9,SYF
2024-08-02,44.38,SYF
2024-08-05,43.41,SYF
2024-08-06,43.95,SYF
2024-08-07,43.94,SYF
2024-08-08,45.39,SYF
2024-08-09,46.19,SYF
2024-08-12,45.28,SYF
2024-08-13,45.37,SYF
2024-08-14,45.94,SYF
2024-08-15,45.52,SYF
2024-08-16,46.24,SYF
2024-08-19,47.24,SYF
2024-08-20,46.73,SYF
2024-08-21,46.86,SYF
2024-08-22,46.82,SYF
2024-08-23,48.2,SYF
2024-08-26,48.47,SYF
2024-08-27,48.41,SYF
2024-08-28,49.12,SYF
2024-08-29,49.38,SYF
2024-08-30,49.85,SYF
2024-09-03,48.9,SYF
2024-09-04,48.79,SYF
2024-09-05,48.27,SYF
2024-09-06,47.02,SYF
2024-09-09,47.78,SYF
2024-09-10,45.77,SYF
2024-09-11,45.47,SYF
2024-09-12,46.03,SYF
2024-09-13,46.75,SYF
2024-09-16,46.95,SYF
2024-09-17,48.79,SYF
2024-09-18,48.49,SYF
2024-09-19,50.61,SYF
2024-09-20,50.17,SYF
2024-09-23,49.3,SYF
2024-09-24,47.82,SYF
2024-09-25,47.81,SYF
2024-09-26,48.64,SYF
2024-09-27,49.25,SYF
2024-09-30,49.47,SYF
2024-10-01,48.61,SYF
2024-10-02,49.18,SYF
2024-10-03,49.16,SYF
2024-10-04,51.44,SYF
2024-10-07,51.15,SYF
2024-10-08,50.77,SYF
2024-10-09,51.58,SYF
2024-10-10,51.16,SYF
2024-10-11,52.72,SYF
2024-10-14,53.25,SYF
2024-10-15,52.86,SYF
2024-10-16,56.06,SYF
2024-10-17,56.24,SYF
2024-10-18,55.96,SYF
2024-10-21,55.36,SYF
2024-10-22,55.22,SYF
2024-10-23,54.55,SYF
2024-10-24,54.81,SYF
2024-10-25,54.7,SYF
2024-10-28,56.33,SYF
2024-10-29,55.3,SYF
2024-10-30,55.85,SYF
2024-10-31,54.69,SYF
2024-11-01,54.8,SYF
2024-11-04,54.86,SYF
2024-11-05,56.61,SYF
2024-11-06,67.27,SYF
2024-11-07,64.41,SYF
2024-11-08,63.56,SYF
2024-11-11,65.36,SYF
2024-11-12,64.88,SYF
2024-11-13,64.89,SYF
2024-11-14,64.65,SYF
2024-11-15,64.74,SYF
2024-11-18,63.82,SYF
2024-11-19,63.42,SYF
2024-11-20,64.17,SYF
2024-11-21,64.9,SYF
2024-11-22,65.75,SYF
2024-11-25,66.8,SYF
2024-11-26,67.02,SYF
2024-11-27,66.98,SYF
2024-11-29,67.28,SYF
2024-12-02,66.85,SYF
2024-12-03,66.9,SYF
2024-12-04,66.58,SYF
2024-12-05,66.68,SYF
2024-12-06,67.67,SYF
2024-12-09,67.68,SYF
2024-12-10,66.63,SYF
2024-12-11,68.28,SYF
2024-12-12,68.28,SYF
2024-12-13,67.81,SYF
2024-12-16,68.3,SYF
2024-12-17,66.95,SYF
2024-12-18,63.36,SYF
2024-12-19,64.04,SYF
2024-12-20,65.21,SYF
2024-12-23,65.22,SYF
2024-12-24,66.38,SYF
2024-12-26,66.57,SYF
2024-12-27,65.68,SYF
2024-12-30,64.81,SYF
2024-12-31,64.76,SYF
2025-01-02,65.01,SYF
2025-01-03,66.54,SYF
2025-01-06,67.42,SYF
2025-01-07,66.34,SYF
2025-01-08,65.55,SYF
2025-01-10,63.54,SYF
2025-01-13,64.58,SYF
2025-01-14,65.82,SYF
2025-01-15,67.86,SYF
2025-01-16,67.56,SYF
2025-01-17,68.5,SYF
2025-01-21,69.22,SYF
2025-01-22,70.23,SYF
2025-01-23,70.18,SYF
2025-01-24,70.37,SYF
2025-01-27,69.61,SYF
2025-01-28,66.42,SYF
2025-01-29,68.52,SYF
2025-01-30,69.22,SYF
2025-01-31,68.73,SYF
2025-02-03,67.54,SYF
2025-02-04,65.92,SYF
2025-02-05,67.85,SYF
2025-02-06,68.21,SYF
2025-02-07,67.49,SYF
2025-02-10,65.52,SYF
2025-02-11,65.23,SYF
2025-02-12,64.0,SYF
2025-02-13,64.08,SYF
2025-02-14,65.21,SYF
2025-02-18,65.29,SYF
2025-02-19,65.59,SYF
2025-02-20,63.85,SYF
2025-02-21,61.41,SYF
2025-02-24,60.57,SYF
2025-02-25,59.51,SYF
2025-02-26,59.73,SYF
2025-02-27,59.26,SYF
2025-02-28,60.68,SYF
2025-03-03,58.02,SYF
2025-03-04,56.11,SYF
2025-03-05,55.84,SYF
2025-03-06,54.15,SYF
2025-03-07,54.74,SYF
2025-03-10,52.3,SYF
2025-03-11,51.99,SYF
2025-03-12,53.61,SYF
2025-03-13,51.9,SYF
2025-03-14,53.34,SYF
2025-03-17,53.44,SYF
2025-03-18,53.05,SYF
2025-03-19,54.52,SYF
2025-03-20,53.87,SYF
2025-03-21,54.02,SYF
2025-03-24,55.82,SYF
2025-03-25,55.85,SYF
2025-03-26,55.2,SYF
2025-03-27,54.16,SYF
2025-03-28,52.43,SYF
2023-03-31,70.49,TXT
2023-04-03,70.79,TXT
2023-04-04,68.94,TXT
2023-04-05,67.75,TXT
2023-04-06,67.57,TXT
2023-04-10,68.26,TXT
2023-04-11,68.18,TXT
2023-04-12,67.53,TXT
2023-04-13,68.22,TXT
2023-04-14,68.45,TXT
2023-04-17,69.09,TXT
2023-04-18,69.2,TXT
2023-04-19,68.77,TXT
2023-04-20,68.61,TXT
2023-04-21,67.79,TXT
2023-04-24,67.86,TXT
2023-04-25,67.06,TXT
2023-04-26,65.43,TXT
2023-04-27,65.43,TXT
2023-04-28,66.8,TXT
2023-05-01,66.91,TXT
2023-05-02,67.25,TXT
2023-05-03,66.52,TXT
2023-05-04,65.23,TXT
2023-05-05,66.02,TXT
2023-05-08,65.58,TXT
2023-05-09,65.22,TXT
2023-05-10,64.65,TXT
2023-05-11,64.3,TXT
2023-05-12,63.16,TXT
2023-05-15,64.01,TXT
2023-05-16,63.1,TXT
2023-05-17,64.28,TXT
2023-05-18,65.15,TXT
2023-05-19,64.34,TXT
2023-05-22,64.64,TXT
2023-05-23,63.84,TXT
2023-05-24,62.14,TXT
2023-05-25,62.39,TXT
2023-05-26,62.68,TXT
2023-05-30,62.95,TXT
2023-05-31,61.74,TXT
2023-06-01,62.18,TXT
2023-06-02,63.92,TXT
2023-06-05,63.16,TXT
2023-06-06,63.47,TXT
2023-06-07,65.56,TXT
2023-06-08,65.1,TXT
2023-06-09,65.18,TXT
2023-06-12,65.61,TXT
2023-06-13,65.99,TXT
2023-06-14,65.18,TXT
2023-06-15,66.32,TXT
2023-06-16,66.53,TXT
2023-06-20,65.95,TXT
2023-06-21,66.45,TXT
2023-06-22,65.34,TXT
2023-06-23,64.8,TXT
2023-06-26,65.14,TXT
2023-06-27,66.33,TXT
2023-06-28,66.33,TXT
2023-06-29,67.21,TXT
2023-06-30,67.51,TXT
2023-07-03,67.92,TXT
2023-07-05,67.03,TXT
2023-07-06,66.9,TXT
2023-07-07,67.41,TXT
2023-07-10,67.92,TXT
2023-07-11,68.95,TXT
2023-07-12,68.36,TXT
2023-07-13,68.81,TXT
2023-07-14,67.27,TXT
2023-07-17,67.33,TXT
2023-07-18,67.81,TXT
2023-07-19,67.72,TXT
2023-07-20,67.97,TXT
2023-07-21,67.51,TXT
2023-07-24,67.86,TXT
2023-07-25,68.0,TXT
2023-07-26,68.28,TXT
2023-07-27,76.39,TXT
2023-07-28,76.25,TXT
2023-07-31,77.64,TXT
2023-08-01,77.8,TXT
2023-08-02,76.68,TXT
2023-08-03,77.62,TXT
2023-08-04,78.49,TXT
2023-08-07,79.46,TXT
2023-08-08,78.05,TXT
2023-08-09,77.96,TXT
2023-08-10,77.58,TXT
2023-08-11,78.13,TXT
2023-08-14,77.51,TXT
2023-08-15,75.93,TXT
2023-08-16,75.47,TXT
2023-08-17,74.6,TXT
2023-08-18,75.12,TXT
2023-08-21,75.42,TXT
2023-08-22,75.24,TXT
2023-08-23,75.62,TXT
2023-08-24,75.11,TXT
2023-08-25,75.09,TXT
2023-08-28,76.13,TXT
2023-08-29,76.81,TXT
2023-08-30,77.44,TXT
2023-08-31,77.58,TXT
2023-09-01,78.09,TXT
2023-09-05,76.78,TXT
2023-09-06,75.85,TXT
2023-09-07,75.37,TXT
2023-09-08,75.47,TXT
2023-09-11,75.84,TXT
2023-09-12,75.48,TXT
2023-09-13,75.5,TXT
2023-09-14,76.07,TXT
2023-09-15,76.1,TXT
2023-09-18,76.02,TXT
2023-09-19,75.53,TXT
2023-09-20,79.25,TXT
2023-09-21,77.81,TXT
2023-09-22,77.68,TXT
2023-09-25,78.77,TXT
2023-09-26,77.9,TXT
2023-09-27,78.82,TXT
2023-09-28,78.58,TXT
2023-09-29,78.03,TXT
2023-10-02,77.18,TXT
2023-10-03,76.31,TXT
2023-10-04,76.0,TXT
2023-10-05,75.39,TXT
2023-10-06,76.79,TXT
2023-10-09,79.09,TXT
2023-10-10,78.95,TXT
2023-10-11,79.64,TXT
2023-10-12,78.17,TXT
2023-10-13,78.18,TXT
2023-10-16,79.15,TXT
2023-10-17,79.76,TXT
2023-10-18,78.41,TXT
2023-10-19,77.23,TXT
2023-10-20,75.79,TXT
2023-10-23,74.86,TXT
2023-10-24,74.92,TXT
2023-10-25,74.25,TXT
2023-10-26,75.91,TXT
2023-10-27,75.14,TXT
2023-10-30,75.69,TXT
2023-10-31,75.89,TXT
2023-11-01,75.88,TXT
2023-11-02,77.36,TXT
2023-11-03,77.41,TXT
2023-11-06,77.5,TXT
2023-11-07,76.93,TXT
2023-11-08,76.03,TXT
2023-11-09,74.77,TXT
2023-11-10,76.01,TXT
2023-11-13,75.96,TXT
2023-11-14,77.02,TXT
2023-11-15,77.46,TXT
2023-11-16,76.68,TXT
2023-11-17,77.29,TXT
2023-11-20,77.87,TXT
2023-11-21,77.67,TXT
2023-11-22,77.9,TXT
2023-11-24,78.28,TXT
2023-11-27,77.1,TXT
2023-11-28,76.56,TXT
2023-11-29,74.72,TXT
2023-11-30,76.55,TXT
2023-12-01,77.77,TXT
2023-12-04,77.16,TXT
2023-12-05,76.27,TXT
2023-12-06,76.52,TXT
2023-12-07,76.14,TXT
2023-12-08,75.82,TXT
2023-12-11,77.03,TXT
2023-12-12,77.32,TXT
2023-12-13,78.67,TXT
2023-12-14,79.52,TXT
2023-12-15,79.24,TXT
2023-12-18,79.5,TXT
2023-12-19,79.91,TXT
2023-12-20,79.18,TXT
2023-12-21,79.97,TXT
2023-12-22,80.33,TXT
2023-12-26,80.63,TXT
2023-12-27,80.61,TXT
2023-12-28,80.65,TXT
2023-12-29,80.32,TXT
2024-01-02,80.33,TXT
2024-01-03,78.41,TXT
2024-01-04,78.56,TXT
2024-01-05,78.51,TXT
2024-01-08,78.69,TXT
2024-01-09,78.15,TXT
2024-01-10,78.1,TXT
2024-01-11,77.99,TXT
2024-01-12,79.28,TXT
2024-01-16,77.46,TXT
2024-01-17,76.99,TXT
2024-01-18,78.25,TXT
2024-01-19,78.7,TXT
2024-01-22,79.18,TXT
2024-01-23,79.23,TXT
2024-01-24,85.45,TXT
2024-01-25,86.06,TXT
2024-01-26,84.73,TXT
2024-01-29,85.67,TXT
2024-01-30,85.9,TXT
2024-01-31,84.61,TXT
2024-02-01,85.71,TXT
2024-02-02,85.9,TXT
2024-02-05,85.17,TXT
2024-02-06,85.99,TXT
2024-02-07,87.6,TXT
2024-02-08,87.48,TXT
2024-02-09,87.1,TXT
2024-02-12,87.36,TXT
2024-02-13,85.9,TXT
2024-02-14,86.22,TXT
2024-02-15,86.11,TXT
2024-02-16,85.59,TXT
2024-02-20,84.48,TXT
2024-02-21,85.12,TXT
2024-02-22,85.28,TXT
2024-02-23,85.87,TXT
2024-02-26,87.01,TXT
2024-02-27,87.56,TXT
2024-02-28,87.49,TXT
2024-02-29,88.96,TXT
2024-03-01,88.57,TXT
2024-03-04,89.28,TXT
2024-03-05,89.23,TXT
2024-03-06,90.47,TXT
2024-03-07,90.21,TXT
2024-03-08,92.02,TXT
2024-03-11,91.7,TXT
2024-03-12,91.62,TXT
2024-03-13,92.09,TXT
2024-03-14,92.16,TXT
2024-03-15,92.82,TXT
2024-03-18,93.03,TXT
2024-03-19,94.05,TXT
2024-03-20,94.9,TXT
2024-03-21,95.32,TXT
2024-03-22,95.76,TXT
2024-03-25,95.63,TXT
2024-03-26,95.87,TXT
2024-03-27,96.16,TXT
2024-03-28,95.84,TXT
2024-04-01,95.24,TXT
2024-04-02,94.04,TXT
2024-04-03,94.27,TXT
2024-04-04,95.41,TXT
2024-04-05,96.55,TXT
2024-04-08,96.88,TXT
2024-04-09,96.21,TXT
2024-04-10,95.55,TXT
2024-04-11,94.53,TXT
2024-04-12,93.87,TXT
2024-04-15,92.97,TXT
2024-04-16,93.15,TXT
2024-04-17,92.12,TXT
2024-04-18,92.49,TXT
2024-04-19,93.21,TXT
2024-04-22,93.68,TXT
2024-04-23,95.19,TXT
2024-04-24,93.92,TXT
2024-04-25,84.82,TXT
2024-04-26,86.42,TXT
2024-04-29,86.31,TXT
2024-04-30,84.51,TXT
2024-05-01,84.69,TXT
2024-05-02,85.29,TXT
2024-05-03,85.51,TXT
2024-05-06,86.81,TXT
2024-05-07,87.4,TXT
2024-05-08,86.63,TXT
2024-05-09,88.4,TXT
2024-05-10,88.46,TXT
2024-05-13,87.79,TXT
2024-05-14,88.01,TXT
2024-05-15,88.09,TXT
2024-05-16,87.39,TXT
2024-05-17,89.08,TXT
2024-05-20,88.93,TXT
2024-05-21,88.73,TXT
2024-05-22,88.99,TXT
2024-05-23,87.66,TXT
2024-05-24,88.54,TXT
2024-05-28,87.38,TXT
2024-05-29,85.96,TXT
2024-05-30,86.16,TXT
2024-05-31,87.52,TXT
2024-06-03,87.16,TXT
2024-06-04,86.92,TXT
2024-06-05,86.45,TXT
2024-06-06,85.72,TXT
2024-06-07,85.52,TXT
2024-06-10,86.25,TXT
2024-06-11,85.37,TXT
2024-06-12,86.4,TXT
2024-06-13,85.9,TXT
2024-06-14,85.19,TXT
2024-06-17,85.86,TXT
2024-06-18,85.9,TXT
2024-06-20,86.19,TXT
2024-06-21,86.67,TXT
2024-06-24,87.41,TXT
2024-06-25,85.95,TXT
2024-06-26,86.47,TXT
2024-06-27,86.27,TXT
2024-06-28,85.8,TXT
2024-07-01,85.31,TXT
2024-07-02,85.72,TXT
2024-07-03,86.14,TXT
2024-07-05,84.9,TXT
2024-07-08,85.79,TXT
2024-07-09,85.07,TXT
2024-07-10,86.24,TXT
2024-07-11,88.15,TXT
2024-07-12,88.72,TXT
2024-07-15,91.02,TXT
2024-07-16,93.95,TXT
2024-07-17,92.0,TXT
2024-07-18,92.55,TXT
2024-07-19,90.26,TXT
2024-07-22,91.75,TXT
2024-07-23,92.06,TXT
2024-07-24,90.05,TXT
2024-07-25,91.22,TXT
2024-07-26,91.99,TXT
2024-07-29,91.44,TXT
2024-07-30,91.99,TXT
2024-07-31,92.83,TXT
2024-08-01,90.53,TXT
2024-08-02,87.16,TXT
2024-08-05,84.82,TXT
2024-08-06,84.51,TXT
2024-08-07,83.4,TXT
2024-08-08,84.72,TXT
2024-08-09,85.07,TXT
2024-08-12,84.77,TXT
2024-08-13,86.13,TXT
2024-08-14,85.93,TXT
2024-08-15,87.74,TXT
2024-08-16,87.87,TXT
2024-08-19,88.55,TXT
2024-08-20,87.87,TXT
2024-08-21,88.57,TXT
2024-08-22,88.7,TXT
2024-08-23,89.84,TXT
2024-08-26,89.99,TXT
2024-08-27,89.46,TXT
2024-08-28,90.03,TXT
2024-08-29,90.13,TXT
2024-08-30,91.13,TXT
2024-09-03,88.87,TXT
2024-09-04,88.48,TXT
2024-09-05,87.16,TXT
2024-09-06,85.65,TXT
2024-09-09,86.81,TXT
2024-09-10,86.46,TXT
2024-09-11,86.37,TXT
2024-09-12,86.88,TXT
2024-09-13,87.65,TXT
2024-09-16,88.28,TXT
2024-09-17,88.64,TXT
2024-09-18,87.44,TXT
2024-09-19,88.89,TXT
2024-09-20,87.86,TXT
2024-09-23,86.84,TXT
2024-09-24,86.63,TXT
2024-09-25,85.45,TXT
2024-09-26,86.51,TXT
2024-09-27,87.7,TXT
2024-09-30,88.53,TXT
2024-10-01,87.4,TXT
2024-10-02,86.93,TXT
2024-10-03,86.06,TXT
2024-10-04,86.69,TXT
2024-10-07,85.74,TXT
2024-10-08,84.95,TXT
2024-10-09,86.29,TXT
2024-10-10,86.3,TXT
2024-10-11,87.91,TXT
2024-10-14,88.38,TXT
2024-10-15,87.8,TXT
2024-10-16,87.59,TXT
2024-10-17,90.27,TXT
2024-10-18,90.0,TXT
2024-10-21,89.34,TXT
2024-10-22,87.5,TXT
2024-10-23,86.82,TXT
2024-10-24,81.45,TXT
2024-10-25,82.31,TXT
2024-10-28,83.23,TXT
2024-10-29,81.73,TXT
2024-10-30,82.02,TXT
2024-10-31,80.38,TXT
2024-11-01,81.42,TXT
2024-11-04,82.0,TXT
2024-11-05,83.3,TXT
2024-11-06,87.86,TXT
2024-11-07,87.82,TXT
2024-11-08,87.51,TXT
2024-11-11,88.05,TXT
2024-11-12,86.89,TXT
2024-11-13,87.52,TXT
2024-11-14,86.05,TXT
2024-11-15,84.87,TXT
2024-11-18,83.3,TXT
2024-11-19,81.24,TXT
2024-11-20,81.82,TXT
2024-11-21,83.92,TXT
2024-11-22,85.34,TXT
2024-11-25,85.71,TXT
2024-11-26,85.09,TXT
2024-11-27,85.04,TXT
2024-11-29,85.59,TXT
2024-12-02,85.42,TXT
2024-12-03,85.14,TXT
2024-12-04,85.03,TXT
2024-12-05,83.07,TXT
2024-12-06,82.62,TXT
2024-12-09,82.39,TXT
2024-12-10,82.03,TXT
2024-12-11,82.09,TXT
2024-12-12,81.05,TXT
2024-12-13,80.9,TXT
2024-12-16,81.32,TXT
2024-12-17,80.05,TXT
2024-12-18,76.09,TXT
2024-12-19,75.8,TXT
2024-12-20,76.83,TXT
2024-12-23,76.42,TXT
2024-12-24,77.22,TXT
2024-12-26,77.38,TXT
2024-12-27,77.19,TXT
2024-12-30,76.54,TXT
2024-12-31,76.47,TXT
2025-01-02,75.77,TXT
2025-01-03,75.71,TXT
2025-01-06,75.39,TXT
2025-01-07,75.58,TXT
2025-01-08,75.98,TXT
2025-01-10,75.63,TXT
2025-01-13,76.95,TXT
2025-01-14,78.02,TXT
2025-01-15,78.54,TXT
2025-01-16,78.82,TXT
2025-01-17,79.14,TXT
2025-01-21,81.18,TXT
2025-01-22,78.39,TXT
2025-01-23,78.19,TXT
2025-01-24,77.18,TXT
2025-01-27,78.78,TXT
2025-01-28,76.8,TXT
2025-01-29,76.2,TXT
2025-01-30,76.67,TXT
2025-01-31,76.49,TXT
2025-02-03,75.41,TXT
2025-02-04,75.37,TXT
2025-02-05,74.53,TXT
2025-02-06,75.24,TXT
2025-02-07,74.5,TXT
2025-02-10,73.91,TXT
2025-02-11,73.98,TXT
2025-02-12,72.78,TXT
2025-02-13,73.08,TXT
2025-02-14,72.26,TXT
2025-02-18,72.42,TXT
2025-02-19,72.58,TXT
2025-02-20,72.41,TXT
2025-02-21,72.32,TXT
2025-02-24,72.51,TXT
2025-02-25,73.22,TXT
2025-02-26,73.05,TXT
2025-02-27,73.23,TXT
2025-02-28,74.71,TXT
2025-03-03,74.0,TXT
2025-03-04,70.17,TXT
2025-03-05,72.35,TXT
2025-03-06,73.35,TXT
2025-03-07,75.4,TXT
2025-03-10,75.42,TXT
2025-03-11,73.63,TXT
2025-03-12,72.7,TXT
2025-03-13,71.97,TXT
2025-03-14,73.19,TXT
2025-03-17,74.62,TXT
2025-03-18,74.25,TXT
2025-03-19,74.44,TXT
2025-03-20,73.49,TXT
2025-03-21,73.08,TXT
2025-03-24,74.28,TXT
2025-03-25,74.64,TXT
2025-03-26,75.17,TXT
2025-03-27,75.28,TXT
2025-03-28,73.0,TXT
2023-03-31,37.72,UDR
2023-04-03,37.58,UDR
2023-04-04,37.47,UDR
2023-04-05,37.26,UDR
2023-04-06,37.76,UDR
2023-04-10,37.77,UDR
2023-04-11,37.83,UDR
2023-04-12,37.51,UDR
2023-04-13,37.32,UDR
2023-04-14,37.34,UDR
2023-04-17,38.31,UDR
2023-04-18,38.25,UDR
2023-04-19,38.65,UDR
2023-04-20,38.65,UDR
2023-04-21,38.55,UDR
2023-04-24,38.21,UDR
2023-04-25,37.93,UDR
2023-04-26,37.66,UDR
2023-04-27,38.14,UDR
2023-04-28,38.37,UDR
2023-05-01,38.27,UDR
2023-05-02,37.3,UDR
2023-05-03,37.31,UDR
2023-05-04,37.37,UDR
2023-05-05,38.37,UDR
2023-05-08,38.31,UDR
2023-05-09,37.83,UDR
2023-05-10,38.21,UDR
2023-05-11,38.39,UDR
2023-05-12,38.41,UDR
2023-05-15,38.29,UDR
2023-05-16,37.49,UDR
2023-05-17,37.63,UDR
2023-05-18,37.35,UDR
2023-05-19,37.45,UDR
2023-05-22,37.74,UDR
2023-05-23,37.36,UDR
2023-05-24,36.61,UDR
2023-05-25,36.2,UDR
2023-05-26,36.42,UDR
2023-05-30,36.39,UDR
2023-05-31,36.83,UDR
2023-06-01,37.22,UDR
2023-06-02,38.21,UDR
2023-06-05,38.24,UDR
2023-06-06,38.55,UDR
2023-06-07,39.21,UDR
2023-06-08,39.07,UDR
2023-06-09,39.5,UDR
2023-06-12,39.44,UDR
2023-06-13,39.57,UDR
2023-06-14,40.02,UDR
2023-06-15,39.95,UDR
2023-06-16,40.31,UDR
2023-06-20,39.82,UDR
2023-06-21,39.41,UDR
2023-06-22,38.26,UDR
2023-06-23,37.35,UDR
2023-06-26,38.52,UDR
2023-06-27,39.18,UDR
2023-06-28,39.16,UDR
2023-06-29,39.81,UDR
2023-06-30,39.88,UDR
2023-07-03,40.53,UDR
2023-07-05,40.28,UDR
2023-07-06,40.24,UDR
2023-07-07,39.98,UDR
2023-07-10,40.04,UDR
2023-07-11,40.61,UDR
2023-07-12,40.49,UDR
2023-07-13,40.7,UDR
2023-07-14,40.66,UDR
2023-07-17,40.16,UDR
2023-07-18,39.76,UDR
2023-07-19,40.08,UDR
2023-07-20,40.38,UDR
2023-07-21,40.56,UDR
2023-07-24,40.52,UDR
2023-07-25,39.61,UDR
2023-07-26,39.85,UDR
2023-07-27,38.07,UDR
2023-07-28,37.72,UDR
2023-07-31,38.32,UDR
2023-08-01,37.96,UDR
2023-08-02,37.94,UDR
2023-08-03,37.73,UDR
2023-08-04,37.52,UDR
2023-08-07,37.86,UDR
2023-08-08,37.21,UDR
2023-08-09,36.94,UDR
2023-08-10,36.98,UDR
2023-08-11,37.21,UDR
2023-08-14,36.59,UDR
2023-08-15,35.97,UDR
2023-08-16,35.81,UDR
2023-08-17,36.04,UDR
2023-08-18,36.01,UDR
2023-08-21,35.71,UDR
2023-08-22,35.79,UDR
2023-08-23,36.41,UDR
2023-08-24,36.3,UDR
2023-08-25,36.72,UDR
2023-08-28,36.99,UDR
2023-08-29,37.27,UDR
2023-08-30,37.74,UDR
2023-08-31,37.4,UDR
2023-09-01,37.24,UDR
2023-09-05,36.95,UDR
2023-09-06,36.62,UDR
2023-09-07,36.67,UDR
2023-09-08,36.24,UDR
2023-09-11,36.12,UDR
2023-09-12,36.31,UDR
2023-09-13,35.83,UDR
2023-09-14,36.03,UDR
2023-09-15,35.84,UDR
2023-09-18,35.57,UDR
2023-09-19,35.46,UDR
2023-09-20,35.56,UDR
2023-09-21,34.4,UDR
2023-09-22,33.96,UDR
2023-09-25,33.75,UDR
2023-09-26,33.47,UDR
2023-09-27,33.17,UDR
2023-09-28,33.44,UDR
2023-09-29,33.44,UDR
2023-10-02,32.94,UDR
2023-10-03,32.63,UDR
2023-10-04,33.16,UDR
2023-10-05,33.48,UDR
2023-10-06,33.95,UDR
2023-10-09,34.64,UDR
2023-10-10,34.3,UDR
2023-10-11,34.92,UDR
2023-10-12,34.55,UDR
2023-10-13,34.29,UDR
2023-10-16,34.37,UDR
2023-10-17,34.55,UDR
2023-10-18,33.97,UDR
2023-10-19,33.38,UDR
2023-10-20,32.92,UDR
2023-10-23,32.38,UDR
2023-10-24,32.93,UDR
2023-10-25,32.24,UDR
2023-10-26,31.86,UDR
2023-10-27,29.94,UDR
2023-10-30,29.99,UDR
2023-10-31,30.17,UDR
2023-11-01,29.79,UDR
2023-11-02,30.6,UDR
2023-11-03,31.56,UDR
2023-11-06,30.85,UDR
2023-11-07,30.47,UDR
2023-11-08,31.06,UDR
2023-11-09,30.34,UDR
2023-11-10,31.07,UDR
2023-11-13,30.51,UDR
2023-11-14,31.95,UDR
2023-11-15,31.64,UDR
2023-11-16,31.3,UDR
2023-11-17,31.13,UDR
2023-11-20,31.54,UDR
2023-11-21,31.11,UDR
2023-11-22,31.43,UDR
2023-11-24,31.63,UDR
2023-11-27,31.57,UDR
2023-11-28,31.73,UDR
2023-11-29,31.58,UDR
2023-11-30,31.68,UDR
2023-12-01,32.63,UDR
2023-12-04,32.83,UDR
2023-12-05,32.76,UDR
2023-12-06,32.89,UDR
2023-12-07,33.2,UDR
2023-12-08,33.55,UDR
2023-12-11,33.18,UDR
2023-12-12,33.63,UDR
2023-12-13,35.21,UDR
2023-12-14,36.38,UDR
2023-12-15,35.7,UDR
2023-12-18,35.87,UDR
2023-12-19,35.68,UDR
2023-12-20,35.13,UDR
2023-12-21,35.36,UDR
2023-12-22,35.71,UDR
2023-12-26,36.02,UDR
2023-12-27,36.36,UDR
2023-12-28,36.78,UDR
2023-12-29,36.32,UDR
2024-01-02,36.65,UDR
2024-01-03,35.72,UDR
2024-01-04,35.91,UDR
2024-01-05,35.87,UDR
2024-01-08,36.6,UDR
2024-01-09,36.57,UDR
2024-01-10,36.65,UDR
2024-01-11,36.92,UDR
2024-01-12,37.01,UDR
2024-01-16,36.77,UDR
2024-01-17,35.95,UDR
2024-01-18,35.68,UDR
2024-01-19,36.07,UDR
2024-01-22,36.29,UDR
2024-01-23,35.95,UDR
2024-01-24,35.2,UDR
2024-01-25,35.03,UDR
2024-01-26,35.19,UDR
2024-01-29,35.23,UDR
2024-01-30,34.98,UDR
2024-01-31,34.54,UDR
2024-02-01,35.01,UDR
2024-02-02,34.82,UDR
2024-02-05,33.98,UDR
2024-02-06,34.1,UDR
2024-02-07,33.87,UDR
2024-02-08,34.03,UDR
2024-02-09,33.92,UDR
2024-02-12,34.11,UDR
2024-02-13,33.2,UDR
2024-02-14,33.44,UDR
2024-02-15,34.57,UDR
2024-02-16,34.6,UDR
2024-02-20,34.33,UDR
2024-02-21,34.81,UDR
2024-02-22,34.67,UDR
2024-02-23,34.38,UDR
2024-02-26,33.58,UDR
2024-02-27,33.64,UDR
2024-02-28,33.96,UDR
2024-02-29,34.04,UDR
2024-03-01,34.47,UDR
2024-03-04,35.75,UDR
2024-03-05,35.64,UDR
2024-03-06,35.72,UDR
2024-03-07,36.14,UDR
2024-03-08,36.54,UDR
2024-03-11,36.29,UDR
2024-03-12,35.56,UDR
2024-03-13,35.87,UDR
2024-03-14,35.17,UDR
2024-03-15,35.65,UDR
2024-03-18,35.3,UDR
2024-03-19,35.22,UDR
2024-03-20,35.54,UDR
2024-03-21,36.07,UDR
2024-03-22,35.64,UDR
2024-03-25,35.37,UDR
2024-03-26,34.92,UDR
2024-03-27,35.49,UDR
2024-03-28,35.88,UDR
2024-04-01,35.14,UDR
2024-04-02,34.7,UDR
2024-04-03,34.97,UDR
2024-04-04,34.9,UDR
2024-04-05,35.01,UDR
2024-04-08,36.09,UDR
2024-04-09,36.73,UDR
2024-04-10,36.1,UDR
2024-04-11,36.05,UDR
2024-04-12,35.54,UDR
2024-04-15,34.77,UDR
2024-04-16,34.21,UDR
2024-04-17,34.28,UDR
2024-04-18,34.7,UDR
2024-04-19,35.31,UDR
2024-04-22,35.9,UDR
2024-04-23,36.15,UDR
2024-04-24,36.75,UDR
2024-04-25,36.83,UDR
2024-04-26,36.77,UDR
2024-04-29,37.14,UDR
2024-04-30,36.94,UDR
2024-05-01,36.36,UDR
2024-05-02,36.44,UDR
2024-05-03,37.08,UDR
2024-05-06,37.72,UDR
2024-05-07,37.8,UDR
2024-05-08,37.12,UDR
2024-05-09,37.87,UDR
2024-05-10,37.87,UDR
2024-05-13,37.94,UDR
2024-05-14,38.19,UDR
2024-05-15,38.43,UDR
2024-05-16,38.24,UDR
2024-05-17,38.35,UDR
2024-05-20,38.21,UDR
2024-05-21,38.5,UDR
2024-05-22,38.41,UDR
2024-05-23,37.64,UDR
2024-05-24,37.79,UDR
2024-05-28,37.06,UDR
2024-05-29,36.44,UDR
2024-05-30,36.73,UDR
2024-05-31,37.46,UDR
2024-06-03,37.69,UDR
2024-06-04,38.4,UDR
2024-06-05,38.57,UDR
2024-06-06,38.41,UDR
2024-06-07,38.48,UDR
2024-06-10,38.63,UDR
2024-06-11,38.12,UDR
2024-06-12,38.37,UDR
2024-06-13,38.71,UDR
2024-06-14,39.07,UDR
2024-06-17,39.13,UDR
2024-06-18,39.41,UDR
2024-06-20,39.36,UDR
2024-06-21,39.5,UDR
2024-06-24,39.92,UDR
2024-06-25,39.59,UDR
2024-06-26,39.24,UDR
2024-06-27,39.54,UDR
2024-06-28,39.91,UDR
2024-07-01,39.81,UDR
2024-07-02,39.76,UDR
2024-07-03,39.38,UDR
2024-07-05,39.64,UDR
2024-07-08,39.59,UDR
2024-07-09,39.58,UDR
2024-07-10,39.84,UDR
2024-07-11,39.8,UDR
2024-07-12,39.55,UDR
2024-07-15,39.76,UDR
2024-07-16,40.26,UDR
2024-07-17,40.84,UDR
2024-07-18,40.8,UDR
2024-07-19,40.7,UDR
2024-07-22,41.2,UDR
2024-07-23,41.18,UDR
2024-07-24,40.68,UDR
2024-07-25,39.86,UDR
2024-07-26,40.45,UDR
2024-07-29,40.34,UDR
2024-07-30,40.04,UDR
2024-07-31,39.28,UDR
2024-08-01,39.92,UDR
2024-08-02,39.78,UDR
2024-08-05,39.17,UDR
2024-08-06,40.4,UDR
2024-08-07,40.33,UDR
2024-08-08,40.54,UDR
2024-08-09,41.04,UDR
2024-08-12,40.74,UDR
2024-08-13,40.86,UDR
2024-08-14,40.95,UDR
2024-08-15,40.79,UDR
2024-08-16,40.88,UDR
2024-08-19,41.11,UDR
2024-08-20,41.26,UDR
2024-08-21,41.54,UDR
2024-08-22,41.72,UDR
2024-08-23,42.44,UDR
2024-08-26,42.36,UDR
2024-08-27,42.77,UDR
2024-08-28,43.31,UDR
2024-08-29,43.23,UDR
2024-08-30,43.63,UDR
2024-09-03,44.03,UDR
2024-09-04,43.71,UDR
2024-09-05,43.54,UDR
2024-09-06,43.18,UDR
2024-09-09,43.64,UDR
2024-09-10,44.69,UDR
2024-09-11,45.07,UDR
2024-09-12,45.63,UDR
2024-09-13,46.19,UDR
2024-09-16,46.04,UDR
2024-09-17,45.45,UDR
2024-09-18,45.27,UDR
2024-09-19,45.23,UDR
2024-09-20,44.71,UDR
2024-09-23,45.43,UDR
2024-09-24,45.11,UDR
2024-09-25,44.77,UDR
2024-09-26,44.31,UDR
2024-09-27,44.1,UDR
2024-09-30,44.44,UDR
2024-10-01,44.01,UDR
2024-10-02,44.22,UDR
2024-10-03,43.81,UDR
2024-10-04,43.71,UDR
2024-10-07,43.33,UDR
2024-10-08,43.23,UDR
2024-10-09,43.26,UDR
2024-10-10,42.96,UDR
2024-10-11,43.27,UDR
2024-10-14,43.49,UDR
2024-10-15,44.05,UDR
2024-10-16,44.38,UDR
2024-10-17,43.86,UDR
2024-10-18,44.31,UDR
2024-10-21,43.34,UDR
2024-10-22,43.81,UDR
2024-10-23,44.25,UDR
2024-10-24,44.05,UDR
2024-10-25,43.42,UDR
2024-10-28,43.65,UDR
2024-10-29,43.16,UDR
2024-10-30,43.1,UDR
2024-10-31,41.75,UDR
2024-11-01,40.87,UDR
2024-11-04,41.64,UDR
2024-11-05,42.77,UDR
2024-11-06,42.82,UDR
2024-11-07,43.09,UDR
2024-11-08,44.02,UDR
2024-11-11,44.18,UDR
2024-11-12,43.81,UDR
2024-11-13,44.72,UDR
2024-11-14,44.09,UDR
2024-11-15,43.85,UDR
2024-11-18,43.98,UDR
2024-11-19,44.04,UDR
2024-11-20,43.88,UDR
2024-11-21,44.35,UDR
2024-11-22,44.63,UDR
2024-11-25,45.1,UDR
2024-11-26,45.47,UDR
2024-11-27,45.85,UDR
2024-11-29,45.39,UDR
2024-12-02,44.83,UDR
2024-12-03,44.33,UDR
2024-12-04,44.53,UDR
2024-12-05,44.27,UDR
2024-12-06,44.38,UDR
2024-12-09,44.43,UDR
2024-12-10,44.04,UDR
2024-12-11,43.85,UDR
2024-12-12,44.36,UDR
2024-12-13,44.01,UDR
2024-12-16,44.28,UDR
2024-12-17,43.95,UDR
2024-12-18,42.51,UDR
2024-12-19,41.98,UDR
2024-12-20,43.01,UDR
2024-12-23,43.01,UDR
2024-12-24,43.21,UDR
2024-12-26,43.43,UDR
2024-12-27,42.96,UDR
2024-12-30,42.63,UDR
2024-12-31,42.96,UDR
2025-01-02,42.09,UDR
2025-01-03,42.64,UDR
2025-01-06,41.06,UDR
2025-01-07,40.65,UDR
2025-01-08,40.8,UDR
2025-01-10,40.09,UDR
2025-01-13,40.98,UDR
2025-01-14,41.19,UDR
2025-01-15,41.04,UDR
2025-01-16,41.39,UDR
2025-01-17,41.2,UDR
2025-01-21,41.31,UDR
2025-01-22,40.5,UDR
2025-01-23,40.32,UDR
2025-01-24,40.64,UDR
2025-01-27,41.68,UDR
2025-01-28,41.29,UDR
2025-01-29,40.79,UDR
2025-01-30,41.43,UDR
2025-01-31,41.74,UDR
2025-02-03,41.73,UDR
2025-02-04,41.7,UDR
2025-02-05,42.22,UDR
2025-02-06,42.99,UDR
2025-02-07,42.9,UDR
2025-02-10,42.82,UDR
2025-02-11,42.75,UDR
2025-02-12,42.55,UDR
2025-02-13,43.15,UDR
2025-02-14,42.95,UDR
2025-02-18,43.07,UDR
2025-02-19,42.64,UDR
2025-02-20,43.01,UDR
2025-02-21,42.83,UDR
2025-02-24,43.19,UDR
2025-02-25,43.79,UDR
2025-02-26,43.72,UDR
2025-02-27,44.34,UDR
2025-02-28,45.18,UDR
2025-03-03,46.04,UDR
2025-03-04,45.39,UDR
2025-03-05,45.18,UDR
2025-03-06,44.22,UDR
2025-03-07,44.48,UDR
2025-03-10,44.27,UDR
2025-03-11,43.78,UDR
2025-03-12,42.97,UDR
2025-03-13,42.55,UDR
2025-03-14,43.3,UDR
2025-03-17,43.88,UDR
2025-03-18,43.42,UDR
2025-03-19,43.57,UDR
2025-03-20,43.64,UDR
2025-03-21,43.36,UDR
2025-03-24,44.31,UDR
2025-03-25,44.08,UDR
2025-03-26,44.35,UDR
2025-03-27,44.21,UDR
2025-03-28,44.54,UDR
2023-10-04,77.42,VLTO
2023-10-05,74.09,VLTO
2023-10-06,77.6,VLTO
2023-10-09,74.25,VLTO
2023-10-10,74.63,VLTO
2023-10-11,74.11,VLTO
2023-10-12,73.87,VLTO
2023-10-13,71.5,VLTO
2023-10-16,73.85,VLTO
2023-10-17,74.12,VLTO
2023-10-18,72.1,VLTO
2023-10-19,69.95,VLTO
2023-10-20,69.59,VLTO
2023-10-23,71.55,VLTO
2023-10-24,71.66,VLTO
2023-10-25,70.44,VLTO
2023-10-26,69.66,VLTO
2023-10-27,67.66,VLTO
2023-10-30,68.03,VLTO
2023-10-31,68.66,VLTO
2023-11-01,67.18,VLTO
2023-11-02,69.94,VLTO
2023-11-03,70.45,VLTO
2023-11-06,67.93,VLTO
2023-11-07,69.73,VLTO
2023-11-08,69.46,VLTO
2023-11-09,69.29,VLTO
2023-11-10,70.21,VLTO
2023-11-13,72.62,VLTO
2023-11-14,73.27,VLTO
2023-11-15,73.55,VLTO
2023-11-16,70.53,VLTO
2023-11-17,70.64,VLTO
2023-11-20,70.41,VLTO
2023-11-21,71.96,VLTO
2023-11-22,72.58,VLTO
2023-11-24,73.65,VLTO
2023-11-27,73.14,VLTO
2023-11-28,72.96,VLTO
2023-11-29,73.86,VLTO
2023-11-30,76.87,VLTO
2023-12-01,76.14,VLTO
2023-12-04,75.41,VLTO
2023-12-05,75.18,VLTO
2023-12-06,75.46,VLTO
2023-12-07,74.27,VLTO
2023-12-08,75.06,VLTO
2023-12-11,76.44,VLTO
2023-12-12,77.07,VLTO
2023-12-13,77.36,VLTO
2023-12-14,78.94,VLTO
2023-12-15,78.46,VLTO
2023-12-18,80.44,VLTO
2023-12-19,83.03,VLTO
2023-12-20,80.25,VLTO
2023-12-21,80.72,VLTO
2023-12-22,81.24,VLTO
2023-12-26,81.73,VLTO
2023-12-27,82.81,VLTO
2023-12-28,82.72,VLTO
2023-12-29,81.95,VLTO
2024-01-02,80.71,VLTO
2024-01-03,77.75,VLTO
2024-01-04,76.32,VLTO
2024-01-05,76.61,VLTO
2024-01-08,77.21,VLTO
2024-01-09,76.45,VLTO
2024-01-10,76.14,VLTO
2024-01-11,75.79,VLTO
2024-01-12,75.47,VLTO
2024-01-16,74.27,VLTO
2024-01-17,75.59,VLTO
2024-01-18,75.72,VLTO
2024-01-19,77.25,VLTO
2024-01-22,79.39,VLTO
2024-01-23,78.59,VLTO
2024-01-24,75.97,VLTO
2024-01-25,76.41,VLTO
2024-01-26,76.7,VLTO
2024-01-29,77.6,VLTO
2024-01-30,78.03,VLTO
2024-01-31,76.4,VLTO
2024-02-01,76.5,VLTO
2024-02-02,76.55,VLTO
2024-02-05,75.48,VLTO
2024-02-06,77.32,VLTO
2024-02-07,80.85,VLTO
2024-02-08,82.25,VLTO
2024-02-09,81.82,VLTO
2024-02-12,83.18,VLTO
2024-02-13,81.88,VLTO
2024-02-14,83.9,VLTO
2024-02-15,86.26,VLTO
2024-02-16,85.76,VLTO
2024-02-20,85.44,VLTO
2024-02-21,85.03,VLTO
2024-02-22,85.61,VLTO
2024-02-23,86.38,VLTO
2024-02-26,85.98,VLTO
2024-02-27,87.46,VLTO
2024-02-28,87.24,VLTO
2024-02-29,86.09,VLTO
2024-03-01,86.43,VLTO
2024-03-04,87.41,VLTO
2024-03-05,88.16,VLTO
2024-03-06,88.53,VLTO
2024-03-07,88.98,VLTO
2024-03-08,88.92,VLTO
2024-03-11,88.42,VLTO
2024-03-12,88.09,VLTO
2024-03-13,88.76,VLTO
2024-03-14,87.89,VLTO
2024-03-15,86.17,VLTO
2024-03-18,86.7,VLTO
2024-03-19,87.11,VLTO
2024-03-20,87.78,VLTO
2024-03-21,89.56,VLTO
2024-03-22,89.12,VLTO
2024-03-25,89.06,VLTO
2024-03-26,88.92,VLTO
2024-03-27,89.49,VLTO
2024-03-28,88.41,VLTO
2024-04-01,87.29,VLTO
2024-04-02,86.34,VLTO
2024-04-03,87.01,VLTO
2024-04-04,86.45,VLTO
2024-04-05,86.85,VLTO
2024-04-08,87.42,VLTO
2024-04-09,88.95,VLTO
2024-04-10,87.95,VLTO
2024-04-11,87.16,VLTO
2024-04-12,87.12,VLTO
2024-04-15,89.61,VLTO
2024-04-16,90.63,VLTO
2024-04-17,90.3,VLTO
2024-04-18,88.55,VLTO
2024-04-19,88.64,VLTO
2024-04-22,90.97,VLTO
2024-04-23,93.46,VLTO
2024-04-24,92.14,VLTO
2024-04-25,93.53,VLTO
2024-04-26,93.86,VLTO
2024-04-29,94.62,VLTO
2024-04-30,93.42,VLTO
2024-05-01,94.12,VLTO
2024-05-02,93.59,VLTO
2024-05-03,95.62,VLTO
2024-05-06,96.72,VLTO
2024-05-07,97.0,VLTO
2024-05-08,96.46,VLTO
2024-05-09,95.67,VLTO
2024-05-10,96.23,VLTO
2024-05-13,95.6,VLTO
2024-05-14,96.67,VLTO
2024-05-15,98.62,VLTO
2024-05-16,98.17,VLTO
2024-05-17,98.32,VLTO
2024-05-20,98.34,VLTO
2024-05-21,99.25,VLTO
2024-05-22,100.48,VLTO
2024-05-23,99.58,VLTO
2024-05-24,101.9,VLTO
2024-05-28,100.39,VLTO
2024-05-29,98.26,VLTO
2024-05-30,98.95,VLTO
2024-05-31,98.3,VLTO
2024-06-03,98.64,VLTO
2024-06-04,100.16,VLTO
2024-06-05,100.52,VLTO
2024-06-06,99.03,VLTO
2024-06-07,98.94,VLTO
2024-06-10,99.57,VLTO
2024-06-11,99.91,VLTO
2024-06-12,100.85,VLTO
2024-06-13,100.73,VLTO
2024-06-14,100.47,VLTO
2024-06-17,100.29,VLTO
2024-06-18,100.94,VLTO
2024-06-20,100.0,VLTO
2024-06-21,98.59,VLTO
2024-06-24,99.47,VLTO
2024-06-25,98.67,VLTO
2024-06-26,98.1,VLTO
2024-06-27,97.34,VLTO
2024-06-28,95.29,VLTO
2024-07-01,95.27,VLTO
2024-07-02,94.17,VLTO
2024-07-03,95.15,VLTO
2024-07-05,95.42,VLTO
2024-07-08,95.72,VLTO
2024-07-09,95.52,VLTO
2024-07-10,95.63,VLTO
2024-07-11,96.92,VLTO
2024-07-12,98.57,VLTO
2024-07-15,97.83,VLTO
2024-07-16,99.01,VLTO
2024-07-17,97.86,VLTO
2024-07-18,98.44,VLTO
2024-07-19,98.27,VLTO
2024-07-22,99.34,VLTO
2024-07-23,100.25,VLTO
2024-07-24,99.11,VLTO
2024-07-25,99.42,VLTO
2024-07-26,104.67,VLTO
2024-07-29,104.9,VLTO
2024-07-30,106.86,VLTO
2024-07-31,106.36,VLTO
2024-08-01,106.5,VLTO
2024-08-02,104.64,VLTO
2024-08-05,101.8,VLTO
2024-08-06,103.92,VLTO
2024-08-07,104.03,VLTO
2024-08-08,107.04,VLTO
2024-08-09,105.9,VLTO
2024-08-12,106.29,VLTO
2024-08-13,107.89,VLTO
2024-08-14,108.31,VLTO
2024-08-15,108.76,VLTO
2024-08-16,108.51,VLTO
2024-08-19,109.37,VLTO
2024-08-20,109.19,VLTO
2024-08-21,109.61,VLTO
2024-08-22,110.62,VLTO
2024-08-23,111.57,VLTO
2024-08-26,110.82,VLTO
2024-08-27,110.94,VLTO
2024-08-28,111.05,VLTO
2024-08-29,111.6,VLTO
2024-08-30,112.22,VLTO
2024-09-03,110.05,VLTO
2024-09-04,110.64,VLTO
2024-09-05,109.64,VLTO
2024-09-06,108.51,VLTO
2024-09-09,109.28,VLTO
2024-09-10,109.51,VLTO
2024-09-11,108.74,VLTO
2024-09-12,109.09,VLTO
2024-09-13,109.81,VLTO
2024-09-16,109.75,VLTO
2024-09-17,108.73,VLTO
2024-09-18,107.89,VLTO
2024-09-19,109.26,VLTO
2024-09-20,109.26,VLTO
2024-09-23,110.04,VLTO
2024-09-24,111.19,VLTO
2024-09-25,110.83,VLTO
2024-09-26,111.07,VLTO
2024-09-27,110.18,VLTO
2024-09-30,111.74,VLTO
2024-10-01,109.91,VLTO
2024-10-02,111.16,VLTO
2024-10-03,111.19,VLTO
2024-10-04,111.9,VLTO
2024-10-07,111.0,VLTO
2024-10-08,112.06,VLTO
2024-10-09,112.82,VLTO
2024-10-10,111.73,VLTO
2024-10-11,113.01,VLTO
2024-10-14,113.17,VLTO
2024-10-15,112.76,VLTO
2024-10-16,112.4,VLTO
2024-10-17,112.91,VLTO
2024-10-18,113.48,VLTO
2024-10-21,112.95,VLTO
2024-10-22,111.67,VLTO
2024-10-23,110.81,VLTO
2024-10-24,105.68,VLTO
2024-10-25,103.94,VLTO
2024-10-28,103.89,VLTO
2024-10-29,103.38,VLTO
2024-10-30,103.13,VLTO
2024-10-31,102.08,VLTO
2024-11-01,101.48,VLTO
2024-11-04,102.32,VLTO
2024-11-05,103.5,VLTO
2024-11-06,102.88,VLTO
2024-11-07,104.19,VLTO
2024-11-08,105.44,VLTO
2024-11-11,104.28,VLTO
2024-11-12,103.64,VLTO
2024-11-13,104.73,VLTO
2024-11-14,103.0,VLTO
2024-11-15,102.57,VLTO
2024-11-18,102.73,VLTO
2024-11-19,103.87,VLTO
2024-11-20,105.0,VLTO
2024-11-21,105.9,VLTO
2024-11-22,106.3,VLTO
2024-11-25,108.36,VLTO
2024-11-26,107.84,VLTO
2024-11-27,107.85,VLTO
2024-11-29,108.07,VLTO
2024-12-02,106.52,VLTO
2024-12-03,107.16,VLTO
2024-12-04,107.4,VLTO
2024-12-05,105.18,VLTO
2024-12-06,106.42,VLTO
2024-12-09,106.63,VLTO
2024-12-10,106.28,VLTO
2024-12-11,105.24,VLTO
2024-12-12,105.68,VLTO
2024-12-13,104.11,VLTO
2024-12-16,104.12,VLTO
2024-12-17,103.35,VLTO
2024-12-18,101.12,VLTO
2024-12-19,101.22,VLTO
2024-12-20,104.14,VLTO
2024-12-23,102.78,VLTO
2024-12-24,103.38,VLTO
2024-12-26,103.76,VLTO
2024-12-27,103.01,VLTO
2024-12-30,101.9,VLTO
2024-12-31,101.85,VLTO
2025-01-02,100.59,VLTO
2025-01-03,100.8,VLTO
2025-01-06,101.17,VLTO
2025-01-07,101.65,VLTO
2025-01-08,102.0,VLTO
2025-01-10,100.1,VLTO
2025-01-13,101.14,VLTO
2025-01-14,102.37,VLTO
2025-01-15,102.55,VLTO
2025-01-16,104.05,VLTO
2025-01-17,102.94,VLTO
2025-01-21,103.09,VLTO
2025-01-22,102.71,VLTO
2025-01-23,103.27,VLTO
2025-01-24,101.75,VLTO
2025-01-27,103.28,VLTO
2025-01-28,103.45,VLTO
2025-01-29,102.85,VLTO
2025-01-30,103.85,VLTO
2025-01-31,103.39,VLTO
2025-02-03,101.17,VLTO
2025-02-04,100.98,VLTO
2025-02-05,95.81,VLTO
2025-02-06,98.44,VLTO
2025-02-07,98.81,VLTO
2025-02-10,99.78,VLTO
2025-02-11,99.81,VLTO
2025-02-12,100.06,VLTO
2025-02-13,99.75,VLTO
2025-02-14,97.99,VLTO
2025-02-18,97.9,VLTO
2025-02-19,97.68,VLTO
2025-02-20,97.72,VLTO
2025-02-21,98.15,VLTO
2025-02-24,100.07,VLTO
2025-02-25,100.65,VLTO
2025-02-26,99.72,VLTO
2025-02-27,99.16,VLTO
2025-02-28,99.76,VLTO
2025-03-03,99.87,VLTO
2025-03-04,98.88,VLTO
2025-03-05,98.62,VLTO
2025-03-06,97.95,VLTO
2025-03-07,100.12,VLTO
2025-03-10,100.33,VLTO
2025-03-11,96.99,VLTO
2025-03-12,95.43,VLTO
2025-03-13,95.73,VLTO
2025-03-14,97.95,VLTO
2025-03-17,98.45,VLTO
2025-03-18,98.36,VLTO
2025-03-19,99.26,VLTO
2025-03-20,98.14,VLTO
2025-03-21,97.77,VLTO
2025-03-24,98.26,VLTO
2025-03-25,97.75,VLTO
2025-03-26,97.73,VLTO
2025-03-27,97.89,VLTO
2025-03-28,96.04,VLTO
2023-03-31,35.36,WFC
2023-04-03,35.68,WFC
2023-04-04,34.82,WFC
2023-04-05,34.9,WFC
2023-04-06,35.85,WFC
2023-04-10,36.55,WFC
2023-04-11,37.25,WFC
2023-04-12,37.08,WFC
2023-04-13,37.52,WFC
2023-04-14,37.5,WFC
2023-04-17,39.07,WFC
2023-04-18,39.61,WFC
2023-04-19,39.96,WFC
2023-04-20,39.42,WFC
2023-04-21,39.01,WFC
2023-04-24,39.21,WFC
2023-04-25,38.36,WFC
2023-04-26,37.33,WFC
2023-04-27,37.52,WFC
2023-04-28,37.61,WFC
2023-05-01,38.21,WFC
2023-05-02,36.74,WFC
2023-05-03,36.56,WFC
2023-05-04,35.01,WFC
2023-05-05,36.17,WFC
2023-05-08,36.59,WFC
2023-05-09,36.75,WFC
2023-05-10,36.5,WFC
2023-05-11,36.55,WFC
2023-05-12,35.74,WFC
2023-05-15,36.96,WFC
2023-05-16,36.6,WFC
2023-05-17,38.58,WFC
2023-05-18,38.34,WFC
2023-05-19,38.17,WFC
2023-05-22,39.07,WFC
2023-05-23,39.29,WFC
2023-05-24,38.97,WFC
2023-05-25,39.0,WFC
2023-05-26,39.31,WFC
2023-05-30,39.07,WFC
2023-05-31,37.96,WFC
2023-06-01,38.19,WFC
2023-06-02,39.32,WFC
2023-06-05,38.57,WFC
2023-06-06,39.34,WFC
2023-06-07,40.11,WFC
2023-06-08,40.4,WFC
2023-06-09,40.17,WFC
2023-06-12,39.88,WFC
2023-06-13,40.66,WFC
2023-06-14,40.12,WFC
2023-06-15,40.39,WFC
2023-06-16,40.22,WFC
2023-06-20,39.94,WFC
2023-06-21,39.71,WFC
2023-06-22,39.15,WFC
2023-06-23,38.72,WFC
2023-06-26,38.7,WFC
2023-06-27,39.01,WFC
2023-06-28,38.73,WFC
2023-06-29,40.47,WFC
2023-06-30,40.69,WFC
2023-07-03,41.38,WFC
2023-07-05,41.46,WFC
2023-07-06,40.89,WFC
2023-07-07,40.78,WFC
2023-07-10,40.35,WFC
2023-07-11,40.75,WFC
2023-07-12,41.25,WFC
2023-07-13,41.67,WFC
2023-07-14,41.53,WFC
2023-07-17,42.66,WFC
2023-07-18,43.48,WFC
2023-07-19,44.11,WFC
2023-07-20,44.94,WFC
2023-07-21,43.82,WFC
2023-07-24,44.26,WFC
2023-07-25,43.36,WFC
2023-07-26,44.28,WFC
2023-07-27,43.64,WFC
2023-07-28,43.99,WFC
2023-07-31,44.01,WFC
2023-08-01,43.58,WFC
2023-08-02,43.0,WFC
2023-08-03,43.38,WFC
2023-08-04,43.1,WFC
2023-08-07,43.3,WFC
2023-08-08,42.74,WFC
2023-08-09,42.01,WFC
2023-08-10,41.96,WFC
2023-08-11,42.02,WFC
2023-08-14,42.03,WFC
2023-08-15,41.06,WFC
2023-08-16,40.57,WFC
2023-08-17,40.81,WFC
2023-08-18,40.84,WFC
2023-08-21,40.83,WFC
2023-08-22,39.88,WFC
2023-08-23,39.98,WFC
2023-08-24,39.81,WFC
2023-08-25,39.62,WFC
2023-08-28,40.24,WFC
2023-08-29,40.36,WFC
2023-08-30,39.92,WFC
2023-08-31,39.68,WFC
2023-09-01,40.02,WFC
2023-09-05,39.92,WFC
2023-09-06,39.42,WFC
2023-09-07,38.85,WFC
2023-09-08,39.4,WFC
2023-09-11,39.71,WFC
2023-09-12,40.88,WFC
2023-09-13,40.6,WFC
2023-09-14,41.37,WFC
2023-09-15,41.27,WFC
2023-09-18,41.73,WFC
2023-09-19,41.53,WFC
2023-09-20,41.19,WFC
2023-09-21,40.67,WFC
2023-09-22,39.62,WFC
2023-09-25,39.93,WFC
2023-09-26,39.06,WFC
2023-09-27,39.26,WFC
2023-09-28,39.31,WFC
2023-09-29,39.26,WFC
2023-10-02,38.06,WFC
2023-10-03,37.16,WFC
2023-10-04,37.45,WFC
2023-10-05,37.76,WFC
2023-10-06,38.14,WFC
2023-10-09,38.15,WFC
2023-10-10,38.26,WFC
2023-10-11,38.14,WFC
2023-10-12,38.19,WFC
2023-10-13,39.36,WFC
2023-10-16,40.02,WFC
2023-10-17,40.34,WFC
2023-10-18,39.91,WFC
2023-10-19,39.57,WFC
2023-10-20,38.7,WFC
2023-10-23,37.94,WFC
2023-10-24,37.74,WFC
2023-10-25,37.5,WFC
2023-10-26,38.1,WFC
2023-10-27,37.24,WFC
2023-10-30,37.89,WFC
2023-10-31,38.21,WFC
2023-11-01,38.06,WFC
2023-11-02,39.27,WFC
2023-11-03,40.35,WFC
2023-11-06,40.08,WFC
2023-11-07,39.79,WFC
2023-11-08,39.73,WFC
2023-11-09,39.17,WFC
2023-11-10,39.64,WFC
2023-11-13,39.53,WFC
2023-11-14,40.8,WFC
2023-11-15,41.53,WFC
2023-11-16,41.23,WFC
2023-11-17,41.65,WFC
2023-11-20,41.48,WFC
2023-11-21,41.3,WFC
2023-11-22,41.47,WFC
2023-11-24,41.61,WFC
2023-11-27,41.71,WFC
2023-11-28,42.05,WFC
2023-11-29,42.44,WFC
2023-11-30,43.23,WFC
2023-12-01,43.65,WFC
2023-12-04,43.74,WFC
2023-12-05,43.13,WFC
2023-12-06,43.14,WFC
2023-12-07,44.01,WFC
2023-12-08,44.69,WFC
2023-12-11,44.6,WFC
2023-12-12,45.05,WFC
2023-12-13,46.3,WFC
2023-12-14,48.97,WFC
2023-12-15,48.77,WFC
2023-12-18,48.14,WFC
2023-12-19,48.56,WFC
2023-12-20,47.83,WFC
2023-12-21,47.94,WFC
2023-12-22,47.68,WFC
2023-12-26,48.12,WFC
2023-12-27,47.82,WFC
2023-12-28,47.97,WFC
2023-12-29,47.72,WFC
2024-01-02,47.82,WFC
2024-01-03,47.19,WFC
2024-01-04,47.78,WFC
2024-01-05,48.4,WFC
2024-01-08,48.4,WFC
2024-01-09,47.78,WFC
2024-01-10,47.58,WFC
2024-01-11,47.54,WFC
2024-01-12,45.95,WFC
2024-01-16,45.39,WFC
2024-01-17,45.24,WFC
2024-01-18,45.02,WFC
2024-01-19,46.65,WFC
2024-01-22,47.05,WFC
2024-01-23,47.62,WFC
2024-01-24,47.98,WFC
2024-01-25,48.36,WFC
2024-01-26,48.78,WFC
2024-01-29,48.81,WFC
2024-01-30,49.63,WFC
2024-01-31,48.65,WFC
2024-02-01,47.57,WFC
2024-02-02,47.99,WFC
2024-02-05,47.54,WFC
2024-02-06,47.14,WFC
2024-02-07,47.33,WFC
2024-02-08,47.2,WFC
2024-02-09,46.92,WFC
2024-02-12,47.76,WFC
2024-02-13,47.1,WFC
2024-02-14,47.38,WFC
2024-02-15,50.81,WFC
2024-02-16,50.68,WFC
2024-02-20,50.54,WFC
2024-02-21,51.41,WFC
2024-02-22,52.1,WFC
2024-02-23,52.58,WFC
2024-02-26,52.85,WFC
2024-02-27,53.51,WFC
2024-02-28,53.42,WFC
2024-02-29,54.27,WFC
2024-03-01,53.75,WFC
2024-03-04,54.49,WFC
2024-03-05,55.26,WFC
2024-03-06,55.75,WFC
2024-03-07,55.65,WFC
2024-03-08,55.72,WFC
2024-03-11,55.74,WFC
2024-03-12,56.24,WFC
2024-03-13,56.45,WFC
2024-03-14,56.01,WFC
2024-03-15,56.15,WFC
2024-03-18,56.4,WFC
2024-03-19,55.66,WFC
2024-03-20,55.94,WFC
2024-03-21,56.48,WFC
2024-03-22,55.77,WFC
2024-03-25,55.38,WFC
2024-03-26,55.34,WFC
2024-03-27,56.24,WFC
2024-03-28,56.58,WFC
2024-04-01,56.24,WFC
2024-04-02,55.99,WFC
2024-04-03,55.77,WFC
2024-04-04,55.34,WFC
2024-04-05,56.04,WFC
2024-04-08,56.42,WFC
2024-04-09,56.21,WFC
2024-04-10,55.59,WFC
2024-04-11,55.34,WFC
2024-04-12,55.13,WFC
2024-04-15,55.62,WFC
2024-04-16,55.07,WFC
2024-04-17,55.82,WFC
2024-04-18,57.35,WFC
2024-04-19,58.92,WFC
2024-04-22,59.65,WFC
2024-04-23,59.49,WFC
2024-04-24,59.16,WFC
2024-04-25,58.51,WFC
2024-04-26,58.49,WFC
2024-04-29,58.38,WFC
2024-04-30,57.91,WFC
2024-05-01,58.11,WFC
2024-05-02,58.41,WFC
2024-05-03,58.52,WFC
2024-05-06,58.76,WFC
2024-05-07,58.83,WFC
2024-05-08,59.78,WFC
2024-05-09,60.17,WFC
2024-05-10,60.77,WFC
2024-05-13,60.15,WFC
2024-05-14,60.77,WFC
2024-05-15,61.21,WFC
2024-05-16,59.95,WFC
2024-05-17,59.97,WFC
2024-05-20,59.6,WFC
2024-05-21,60.35,WFC
2024-05-22,59.83,WFC
2024-05-23,58.6,WFC
2024-05-24,59.12,WFC
2024-05-28,58.4,WFC
2024-05-29,57.69,WFC
2024-05-30,58.14,WFC
2024-05-31,58.83,WFC
2024-06-03,58.27,WFC
2024-06-04,57.64,WFC
2024-06-05,57.62,WFC
2024-06-06,56.68,WFC
2024-06-07,57.3,WFC
2024-06-10,56.88,WFC
2024-06-11,56.1,WFC
2024-06-12,56.26,WFC
2024-06-13,56.23,WFC
2024-06-14,56.36,WFC
2024-06-17,57.19,WFC
2024-06-18,57.98,WFC
2024-06-20,57.89,WFC
2024-06-21,57.05,WFC
2024-06-24,57.94,WFC
2024-06-25,56.16,WFC
2024-06-26,55.98,WFC
2024-06-27,56.38,WFC
2024-06-28,58.31,WFC
2024-07-01,59.49,WFC
2024-07-02,59.87,WFC
2024-07-03,59.56,WFC
2024-07-05,58.54,WFC
2024-07-08,57.94,WFC
2024-07-09,58.8,WFC
2024-07-10,58.64,WFC
2024-07-11,59.07,WFC
2024-07-12,55.52,WFC
2024-07-15,56.68,WFC
2024-07-16,59.15,WFC
2024-07-17,59.81,WFC
2024-07-18,58.17,WFC
2024-07-19,58.16,WFC
2024-07-22,58.07,WFC
2024-07-23,58.59,WFC
2024-07-24,58.36,WFC
2024-07-25,58.62,WFC
2024-07-26,59.3,WFC
2024-07-29,58.51,WFC
2024-07-30,58.92,WFC
2024-07-31,58.27,WFC
2024-08-01,55.85,WFC
2024-08-02,52.3,WFC
2024-08-05,51.18,WFC
2024-08-06,51.41,WFC
2024-08-07,51.34,WFC
2024-08-08,51.8,WFC
2024-08-09,52.2,WFC
2024-08-12,51.51,WFC
2024-08-13,52.31,WFC
2024-08-14,53.09,WFC
2024-08-15,53.99,WFC
2024-08-16,54.74,WFC
2024-08-19,55.85,WFC
2024-08-20,55.55,WFC
2024-08-21,54.87,WFC
2024-08-22,55.37,WFC
2024-08-23,56.1,WFC
2024-08-26,56.12,WFC
2024-08-27,55.66,WFC
2024-08-28,56.46,WFC
2024-08-29,56.74,WFC
2024-08-30,57.85,WFC
2024-09-03,57.75,WFC
2024-09-04,57.5,WFC
2024-09-05,56.26,WFC
2024-09-06,53.43,WFC
2024-09-09,54.01,WFC
2024-09-10,53.38,WFC
2024-09-11,53.16,WFC
2024-09-12,51.02,WFC
2024-09-13,52.22,WFC
2024-09-16,53.22,WFC
2024-09-17,53.93,WFC
2024-09-18,53.68,WFC
2024-09-19,55.21,WFC
2024-09-20,55.69,WFC
2024-09-23,54.53,WFC
2024-09-24,53.59,WFC
2024-09-25,53.04,WFC
2024-09-26,55.79,WFC
2024-09-27,55.31,WFC
2024-09-30,55.89,WFC
2024-10-01,54.8,WFC
2024-10-02,54.71,WFC
2024-10-03,54.4,WFC
2024-10-04,56.36,WFC
2024-10-07,56.55,WFC
2024-10-08,56.69,WFC
2024-10-09,56.93,WFC
2024-10-10,57.14,WFC
2024-10-11,60.34,WFC
2024-10-14,61.5,WFC
2024-10-15,62.36,WFC
2024-10-16,63.21,WFC
2024-10-17,63.7,WFC
2024-10-18,63.68,WFC
2024-10-21,63.34,WFC
2024-10-22,64.12,WFC
2024-10-23,63.87,WFC
2024-10-24,64.74,WFC
2024-10-25,63.85,WFC
2024-10-28,64.91,WFC
2024-10-29,64.61,WFC
2024-10-30,64.72,WFC
2024-10-31,64.23,WFC
2024-11-01,63.99,WFC
2024-11-04,63.02,WFC
2024-11-05,63.39,WFC
2024-11-06,71.7,WFC
2024-11-07,69.08,WFC
2024-11-08,69.7,WFC
2024-11-11,72.2,WFC
2024-11-12,72.24,WFC
2024-11-13,72.41,WFC
2024-11-14,72.44,WFC
2024-11-15,73.97,WFC
2024-11-18,73.73,WFC
2024-11-19,73.07,WFC
2024-11-20,73.22,WFC
2024-11-21,74.46,WFC
2024-11-22,75.59,WFC
2024-11-25,76.52,WFC
2024-11-26,76.97,WFC
2024-11-27,76.83,WFC
2024-11-29,75.8,WFC
2024-12-02,74.91,WFC
2024-12-03,73.78,WFC
2024-12-04,72.7,WFC
2024-12-05,73.3,WFC
2024-12-06,73.96,WFC
2024-12-09,72.26,WFC
2024-12-10,71.7,WFC
2024-12-11,71.25,WFC
2024-12-12,70.45,WFC
2024-12-13,70.09,WFC
2024-12-16,71.63,WFC
2024-12-17,70.46,WFC
2024-12-18,68.42,WFC
2024-12-19,68.51,WFC
2024-12-20,69.99,WFC
2024-12-23,70.19,WFC
2024-12-24,71.24,WFC
2024-12-26,71.41,WFC
2024-12-27,70.76,WFC
2024-12-30,70.06,WFC
2024-12-31,69.89,WFC
2025-01-02,69.85,WFC
2025-01-03,70.96,WFC
2025-01-06,71.68,WFC
2025-01-07,71.24,WFC
2025-01-08,71.22,WFC
2025-01-10,69.62,WFC
2025-01-13,70.18,WFC
2025-01-14,70.84,WFC
2025-01-15,75.58,WFC
2025-01-16,75.58,WFC
2025-01-17,76.7,WFC
2025-01-21,77.47,WFC
2025-01-22,77.16,WFC
2025-01-23,77.05,WFC
2025-01-24,76.94,WFC
2025-01-27,77.56,WFC
2025-01-28,77.5,WFC
2025-01-29,77.98,WFC
2025-01-30,78.43,WFC
2025-01-31,78.41,WFC
2025-02-03,77.76,WFC
2025-02-04,79.08,WFC
2025-02-05,79.66,WFC
2025-02-06,81.02,WFC
2025-02-07,80.67,WFC
2025-02-10,79.1,WFC
2025-02-11,79.64,WFC
2025-02-12,79.25,WFC
2025-02-13,78.85,WFC
2025-02-14,79.98,WFC
2025-02-18,80.78,WFC
2025-02-19,80.35,WFC
2025-02-20,78.63,WFC
2025-02-21,77.5,WFC
2025-02-24,77.22,WFC
2025-02-25,76.0,WFC
2025-02-26,76.45,WFC
2025-02-27,76.62,WFC
2025-02-28,78.32,WFC
2025-03-03,77.03,WFC
2025-03-04,73.3,WFC
2025-03-05,74.16,WFC
2025-03-06,72.65,WFC
2025-03-07,71.05,WFC
2025-03-10,66.78,WFC
2025-03-11,67.28,WFC
2025-03-12,68.93,WFC
2025-03-13,68.46,WFC
2025-03-14,70.85,WFC
2025-03-17,70.84,WFC
2025-03-18,71.11,WFC
2025-03-19,72.76,WFC
2025-03-20,72.52,WFC
2025-03-21,72.52,WFC
2025-03-24,74.28,WFC
2025-03-25,74.24,WFC
2025-03-26,73.47,WFC
2025-03-27,72.28,WFC
2025-03-28,70.69,WFC
